Workbook

Sheet JAN
A1: POSISI STOCK TML JANUARI 2026 ( KG )
A3: STOCK | C3: 2 | D3: 3 | E3: 5 | F3: 6 | G3: 7 | H3: 8 | I3: 9 | J3: 10 | K3: 12 | L3: 13 | M3: 14 | N3: 15 | O3: 17 | P3: 19 | Q3: 20 | R3: 21 | S3: 22 | T3: 23 | U3: 24 | V3: 26 | W3: 27 | X3: 28 | Y3: 29 | Z3: 30 | AA3: 31 | AB3: AVERAGE
A5: BAHAN BAKU | B5: CRC | C5: 7401503 | D5: 7114343 | E5: 7500053 | F5: 7732833 | G5: 8652623 | H5: 9041233 | I5: 9751158 | J5: 10189408 | K5: 10737208 | L5: 10993738 | M5: 7866943 | N5: 7114813 | O5: 8543693 | P5: 8771248 | Q5: 8667538 | R5: 8770608 | S5: 8735048 | T5: 5883423 | U5: 6162303 | V5: 6117743 | W5: 6164718 | X5: 5844008 | Y5: 5077378 | Z5: 4932178 | AA5: 5059648 | AB5: =AVERAGE(C5:AA5) -> 7713015.6
B6: ALLUMUNIUM | C6: 337819 | D6: 330793 | E6: 330793 | F6: 330793 | G6: 330793 | H6: 330793 | I6: 330793 | J6: 330793 | K6: 305487 | L6: 302673 | M6: 285819 | N6: 280191 | O6: 260493 | P6: 243605 | Q6: 237989 | R6: 235181 | S6: 231015 | T6: 151043 | U6: 140302 | V6: 114375 | W6: 101034 | X6: 90125 | Y6: 82086 | Z6: 51282 | AA6: 41918 | AB6: =AVERAGE(C6:AA6) -> 232319.52
B7: ZINC | C7: 518311 | D7: 518311 | E7: 518311 | F7: 518311 | G7: 518311 | H7: 518311 | I7: 518311 | J7: 518311 | K7: 503921 | L7: 493987 | M7: 479653 | N7: 479653 | O7: 468615 | P7: 449879 | Q7: 447682 | R7: 442183 | S7: 514125 | T7: 507504 | U7: 650824 | V7: 626555 | W7: 626555 | X7: 621033 | Y7: 612219 | Z7: 592357 | AA7: 587945 | AB7: =AVERAGE(C7:AA7) -> 530047.12
B8: ALKALI | C8: 6000 | D8: 3600 | E8: 3600 | F8: 3600 | G8: 3600 | H8: 3600 | I8: 3600 | J8: 3600 | K8: 3600 | L8: 3600 | M8: 6000 | N8: 6000 | O8: 6000 | P8: 3600 | Q8: 3600 | R8: 3600 | S8: 7200 | T8: 7200 | U8: 7200 | V8: 4800 | W8: 4800 | X8: 4800 | Y8: 4800 | Z8: 8400 | AA8: 6000 | AB8: =AVERAGE(C8:AA8) -> 4896
B9: RESIN | C9: 38620 | D9: 38620 | E9: 37620 | F9: 37620 | G9: 37620 | H9: 37620 | I9: 37620 | J9: 37620 | K9: 36340 | L9: 35340 | M9: 35340 | N9: 34340 | O9: 38260 | P9: 35260 | Q9: 33260 | R9: 31260 | S9: 37260 | T9: 36260 | U9: 34980 | V9: 31980 | W9: 29980 | X9: 34980 | Y9: 32980 | Z9: 37980 | AA9: 35980 | AB9: =AVERAGE(C9:AA9) -> 35789.6
B10: PRD | C10: 413487 | D10: 414492 | E10: 324498 | F10: 149876 | G10: 96988 | H10: 96988 | I10: 96988 | J10: 96988 | K10: 603736 | L10: 671768 | M10: 584915 | N10: 678736 | O10: 539478 | P10: 539478 | Q10: 539478 | R10: 688545 | S10: 729570 | T10: 815662 | U10: 975277 | V10: 648500 | W10: 763218 | X10: 845430 | Y10: 628638 | Z10: 420528 | AA10: 321606 | AB10: =AVERAGE(C10:AA10) -> 507394.72
B11: QA | C11: 117134 | D11: 117134 | E11: 185644 | F11: 185934 | G11: 185934 | H11: 185934 | I11: 185934 | J11: 185934 | K11: 185934 | L11: 185934 | M11: 185934 | N11: 81944 | O11: 85037 | P11: 85037 | Q11: 85037 | R11: 103622 | S11: 103622 | T11: 103622 | U11: 103622 | V11: 103622 | W11: 103622 | X11: 121802 | Y11: 121802 | Z11: 121252 | AA11: 107053 | AB11: =AVERAGE(C11:AA11) -> 133523.2
A12: BARANG JADI | B12: NEXALUME PRIME | C12: 2294133 | D12: 2194970 | E12: 2547359 | F12: 2476600 | G12: 2172979 | H12: 1688357 | I12: 1036280 | J12: 797647 | K12: 975011 | L12: 1420179 | M12: 1406210 | N12: 1394081 | O12: 1338796 | P12: 1610146 | Q12: 1628492 | R12: 1813513 | S12: 1900631 | T12: 2159425 | U12: 2036437 | V12: 2944514 | W12: 2753372 | X12: 2955106 | Y12: 3108310 | Z12: 3310591 | AA12: 3116002 | AB12: =AVERAGE(C12:AA12) -> 2043165.6
B13: TATALUME PRIME | C13: 209955 | D13: 219298 | E13: 222975 | F13: 260277 | G13: 214683 | H13: 179000 | I13: 180433 | J13: 118925 | K13: 118925 | L13: 205150 | M13: 198063 | N13: 197785 | O13: 204277 | P13: 215392 | Q13: 199779 | R13: 162886 | S13: 135921 | T13: 154487 | U13: 364700 | V13: 364700 | W13: 392314 | X13: 386906 | Y13: 332148 | Z13: 357421 | AA13: 383531 | AB13: =AVERAGE(C13:AA13) -> 239197.24
B14: NEXCOLOR PRIME | C14: 9297 | D14: 10957 | E14: 10957 | F14: 25956 | G14: 25956 | H14: 9297 | I14: 9297 | J14: 9297 | K14: 9297 | L14: 9297 | M14: 9297 | N14: 9796 | O14: 9796 | P14: 9796 | Q14: 9796 | R14: 9796 | S14: 9796 | T14: 9796 | U14: 9796 | V14: 18500 | W14: 16135 | X14: 16135 | Y14: 16135 | Z14: 16135 | AA14: 16135 | AB14: =AVERAGE(C14:AA14) -> 12657.92
B15: NEXIUM PRIME | C15: 573687 | D15: 573687 | E15: 573687 | F15: 573687 | G15: 573616 | H15: 573616 | I15: 565863 | J15: 565863 | K15: 519199 | L15: 519199 | M15: 519040 | N15: 442310 | O15: 441449 | P15: 439250 | Q15: 439250 | R15: 439250 | S15: 402430 | T15: 402430 | U15: 390199 | V15: 390199 | W15: 390199 | X15: 390199 | Y15: 390199 | Z15: 390199 | AA15: 390190 | AB15: =AVERAGE(C15:AA15) -> 474755.88
B16: COIL TATA SENTOSA | C16: 1120912.5 | D16: 1120912.5 | E16: 1120912.5 | F16: 1088523.5 | G16: 1088523.5 | H16: 1088523.5 | I16: 1038847.5 | J16: 1038847.5 | K16: 973289 | L16: 973289 | M16: 953141 | N16: 909364 | O16: 909364 | P16: 909364 | Q16: 935511 | R16: 935511 | S16: 922568 | T16: 922568 | U16: 922568 | V16: 889890 | W16: 889890 | X16: 889890 | Y16: 889890 | Z16: 889890 | AA16: 889890 | AB16: =AVERAGE(C16:AA16) -> 972475.2
B17: COIL TATALOGAM | C17: 2810670 | D17: 2810670 | E17: 3868380 | F17: 3594244 | G17: 3170143 | H17: 3170143 | I17: 2919684 | J17: 2589073.5 | K17: 2330116.5 | L17: 2060381.5 | M17: 2060381.5 | N17: 2060381.5 | O17: 1445506.5 | P17: 1445506.5 | Q17: 1407853.5 | R17: 1407853.5 | S17: 1334516.5 | T17: 1333721.5 | U17: 1310176.5 | V17: 1240905.5 | W17: 1220426.5 | X17: 1184106.5 | Y17: 1007087.5 | Z17: 1354329.5 | AA17: 1354329.5 | AB17: =AVERAGE(C17:AA17) -> 2019623.5
B18: NEXALUME MEDIUM | C18: 1145357 | D18: 1147833 | E18: 1147833 | F18: 1147833 | G18: 1162965 | H18: 1162965 | I18: 1162965 | J18: 1162965 | K18: 1164961 | L18: 1165896 | M18: 1165896 | N18: 1168995 | O18: 1174862 | P18: 1174862 | Q18: 1174862 | R18: 721057 | S18: 721057 | T18: 721057 | U18: 695531 | V18: 695531 | W18: 694359 | X18: 694359 | Y18: 694359 | Z18: 694359 | AA18: 694359 | AB18: =AVERAGE(C18:AA18) -> 978283.12
B19: NEXALUME SECOND | C19: 129396 | D19: 137615 | E19: 137615 | F19: 137615 | G19: 141204 | H19: 141204 | I19: 141204 | J19: 141204 | K19: 154188 | L19: 154188 | M19: 154188 | N19: 153522 | O19: 148091 | P19: 148091 | Q19: 148091 | R19: 68259 | S19: 68259 | T19: 68259 | U19: 49747 | V19: 51810 | W19: 51810 | X19: 51810 | Y19: 51810 | Z19: 51810 | AA19: 51810 | AB19: =AVERAGE(C19:AA19) -> 109312
B20: COIL SLITTING | C20: 299361 | D20: 321317 | E20: 361850 | F20: 405352 | G20: 398011 | H20: 503801 | I20: 569518 | J20: 481810 | K20: 592670 | L20: 638390 | M20: 790873 | N20: 810719 | O20: 725042 | P20: 725042 | Q20: 725042 | R20: 908792 | S20: 1151697 | T20: 1205009 | U20: 1152846 | V20: 945300 | W20: 878799 | X20: 653394 | Y20: 548558 | Z20: 614753 | AA20: 586643 | AB20: =AVERAGE(C20:AA20) -> 679783.56
B21: PRD | C21: 739922 | D21: 894664 | E21: 763418 | F21: 719873 | G21: 564298 | H21: 244112 | I21: 405960 | J21: 263701 | K21: 426845 | L21: 407772 | M21: 568514 | N21: 335381 | O21: 306842 | P21: 306842 | Q21: 306842 | R21: 551884 | S21: 518893 | T21: 366099 | U21: 273339 | V21: 822590 | W21: 633969 | X21: 660048 | Y21: 707754 | Z21: 247365 | AA21: 139994 | AB21: =AVERAGE(C21:AA21) -> 487076.84
B22: QA | C22: 61824 | D22: 60525 | E22: 74206 | F22: 80360 | G22: 41561 | H22: 56835 | I22: 56835 | J22: 25635 | K22: 71929 | L22: 83905 | M22: 84031 | N22: 72055 | O22: 107071 | P22: 107071 | Q22: 107071 | R22: 104521 | S22: 114795 | T22: 155419 | U22: 143638 | V22: 132653 | W22: 119863 | X22: 53281 | Y22: 56941 | Z22: 55615 | AA22: 68035 | AB22: =AVERAGE(C22:AA22) -> 83827
B23: DOWNGRADE | C23: 146623 | D23: 147496 | E23: 147496 | F23: 147496 | G23: 147496 | H23: 147496 | I23: 147615 | J23: 147615 | K23: 160498 | L23: 160498 | M23: 160498 | N23: 160498 | O23: 164601 | P23: 164601 | Q23: 164601 | R23: 167209 | S23: 167209 | T23: 167268 | U23: 167268 | V23: 167268 | W23: 171792 | X23: 171792 | Y23: 171792 | Z23: 171792 | AA23: 172905 | AB23: =AVERAGE(C23:AA23) -> 160456.92
A24: LIMBAH | B24: DROSS | C24: 3805.5 | D24: 3805.5 | E24: 3805.5 | F24: 0 | G24: 0 | H24: 2733.5 | I24: 2733.5 | J24: 2733.5 | K24: 2733.5 | L24: 3283 | M24: 3283 | N24: 3878.5 | O24: 5415.5 | P24: 5415.5 | Q24: 5415.5 | R24: 5415.5 | S24: 0 | T24: 0 | U24: 702 | V24: 1317 | W24: 3954 | X24: 4632.5 | Y24: 4632.5 | Z24: 5844.5 | AA24: 5844.5 | AB24: =AVERAGE(C24:AA24) -> 3255.36
B25: PUP COIL | C25: 14627 | D25: 14627 | E25: 14627 | F25: 14627 | G25: 14627 | H25: 14627 | I25: 14627 | J25: 14627 | K25: 16275 | L25: 16275 | M25: 16275 | N25: 16275 | O25: 16275 | P25: 16275 | Q25: 16275 | R25: 16275 | S25: 16275 | T25: 16275 | U25: 16275 | V25: 16275 | W25: 16275 | X25: 16275 | Y25: 16275 | Z25: 16275 | AA25: 16275 | AB25: =AVERAGE(C25:AA25) -> 15747.64

Sheet KAPASITAS JAN
A1: CRC - JANUARI 2026
A2: TGL | B2: STOCK | D2: TOTAL STOCK | E2: KAP | F2: TREND
B3: WH | C3: PRD & QA
A4: 2 | B4: =JAN!C5/1000 -> 7401.503 | C4: =(JAN!C10+JAN!C11)/1000 -> 530.621 | D4: =B4+C4 -> 7932.124 | E4: 6760 | F4: =D4/E4 -> 1.1733911
A5: 3 | B5: =JAN!D5/1000 -> 7114.343 | C5: =(JAN!D10+JAN!D11)/1000 -> 531.626 | D5: =B5+C5 -> 7645.969 | E5: 6760 | F5: =D5/E5 -> 1.1310605
A6: 5 | B6: =JAN!E5/1000 -> 7500.053 | C6: =(JAN!E10+JAN!E11)/1000 -> 510.142 | D6: =B6+C6 -> 8010.195 | E6: 6760 | F6: =D6/E6 -> 1.1849401
A7: 6 | B7: =JAN!F5/1000 -> 7732.833 | C7: =(JAN!F10+JAN!F11)/1000 -> 335.81 | D7: =B7+C7 -> 8068.643 | E7: 6760 | F7: =D7/E7 -> 1.1935862
A8: 7 | B8: =JAN!G5/1000 -> 8652.623 | C8: =(JAN!G10+JAN!G11)/1000 -> 282.922 | D8: =B8+C8 -> 8935.545 | E8: 6760 | F8: =D8/E8 -> 1.3218262
A9: 8 | B9: =JAN!H5/1000 -> 9041.233 | C9: =(JAN!H10+JAN!H11)/1000 -> 282.922 | D9: =B9+C9 -> 9324.155 | E9: 6760 | F9: =D9/E9 -> 1.3793129
A10: 9 | B10: =JAN!I5/1000 -> 9751.158 | C10: =(JAN!I10+JAN!I11)/1000 -> 282.922 | D10: =B10+C10 -> 10034.08 | E10: 6760 | F10: =D10/E10 -> 1.4843314
A11: 10 | B11: =JAN!J5/1000 -> 10189.408 | C11: =(JAN!J10+JAN!J11)/1000 -> 282.922 | D11: =B11+C11 -> 10472.33 | E11: 6760 | F11: =D11/E11 -> 1.5491612
A12: 12 | B12: =JAN!K5/1000 -> 10737.208 | C12: =(JAN!K10+JAN!K11)/1000 -> 789.67 | D12: =B12+C12 -> 11526.878 | E12: 6760 | F12: =D12/E12 -> 1.7051595
A13: 13 | B13: =JAN!L5/1000 -> 10993.738 | C13: =(JAN!L10+JAN!L11)/1000 -> 857.702 | D13: =B13+C13 -> 11851.44 | E13: 6760 | F13: =D13/E13 -> 1.7531716
A14: 14 | B14: =JAN!M5/1000 -> 7866.943 | C14: =(JAN!M10+JAN!M11)/1000 -> 770.849 | D14: =B14+C14 -> 8637.792 | E14: 6760 | F14: =D14/E14 -> 1.2777799
A15: 15 | B15: =JAN!N5/1000 -> 7114.813 | C15: =(JAN!N10+JAN!N11)/1000 -> 760.68 | D15: =B15+C15 -> 7875.493 | E15: 6760 | F15: =D15/E15 -> 1.1650138
A16: 17 | B16: =JAN!O5/1000 -> 8543.693 | C16: =(JAN!O10+JAN!O11)/1000 -> 624.515 | D16: =B16+C16 -> 9168.208 | E16: 6760 | F16: =D16/E16 -> 1.3562438
A17: 19 | B17: =JAN!P5/1000 -> 8771.248 | C17: =(JAN!P10+JAN!P11)/1000 -> 624.515 | D17: =B17+C17 -> 9395.763 | E17: 6760 | F17: =D17/E17 -> 1.3899058
A18: 20 | B18: =JAN!Q5/1000 -> 8667.538 | C18: =(JAN!Q10+JAN!Q11)/1000 -> 624.515 | D18: =B18+C18 -> 9292.053 | E18: 6760 | F18: =D18/E18 -> 1.3745641
A19: 21 | B19: =JAN!R5/1000 -> 8770.608 | C19: =(JAN!R10+JAN!R11)/1000 -> 792.167 | D19: =B19+C19 -> 9562.775 | E19: 6760 | F19: =D19/E19 -> 1.4146117 | H19: PERHITUNGAN KAPASITAS : RATA-RATA BERAT PER COIL 20 TON
A20: 22 | B20: =JAN!S5/1000 -> 8735.048 | C20: =(JAN!S10+JAN!S11)/1000 -> 833.192 | D20: =B20+C20 -> 9568.24 | E20: 6760 | F20: =D20/E20 -> 1.4154201 | H20: Kapasitas | J20: 6760 | K20: Ton
A21: 23 | B21: =JAN!T5/1000 -> 5883.423 | C21: =(JAN!T10+JAN!T11)/1000 -> 919.284 | D21: =B21+C21 -> 6802.707 | E21: 6760 | F21: =D21/E21 -> 1.0063176 | H21: Posisi Stock 31 Jan 26 | J21: 5488 | K21: Ton
A22: 24 | B22: =JAN!U5/1000 -> 6162.303 | C22: =(JAN!U10+JAN!U11)/1000 -> 1078.899 | D22: =B22+C22 -> 7241.202 | E22: 6760 | F22: =D22/E22 -> 1.0711837 | H22: Kapasitas (%) | J22: =J21/J20 -> 0.81183432 | K22: Ton
A23: 26 | B23: =JAN!V5/1000 -> 6117.743 | C23: =(JAN!V10+JAN!V11)/1000 -> 752.122 | D23: =B23+C23 -> 6869.865 | E23: 6760 | F23: =D23/E23 -> 1.0162522 | H23: Kapasitas tersisa | J23: =100%-J22 -> 0.18816568 | K23: Ton
A24: 27 | B24: =JAN!W5/1000 -> 6164.718 | C24: =(JAN!W10+JAN!W11)/1000 -> 866.84 | D24: =B24+C24 -> 7031.558 | E24: 6760 | F24: =D24/E24 -> 1.0401713
A25: 28 | B25: =JAN!X5/1000 -> 5844.008 | C25: =(JAN!X10+JAN!X11)/1000 -> 967.232 | D25: =B25+C25 -> 6811.24 | E25: 6760 | F25: =D25/E25 -> 1.0075799
A26: 29 | B26: =JAN!Y5/1000 -> 5077.378 | C26: =(JAN!Y10+JAN!Y11)/1000 -> 750.44 | D26: =B26+C26 -> 5827.818 | E26: 6760 | F26: =D26/E26 -> 0.86210325
A27: 30 | B27: =JAN!Z5/1000 -> 4932.178 | C27: =(JAN!Z10+JAN!Z11)/1000 -> 541.78 | D27: =B27+C27 -> 5473.958 | E27: 6760 | F27: =D27/E27 -> 0.8097571
A28: 31 | B28: =JAN!AA5/1000 -> 5059.648 | C28: =(JAN!AA10+JAN!AA11)/1000 -> 428.659 | D28: =B28+C28 -> 5488.307 | E28: 6760 | F28: =D28/E28 -> 0.81187973
A29: AVERAGE | B29: =AVERAGE(B4:B28) -> 7713.0156 | C29: =AVERAGE(C4:C28) -> 640.91792 | D29: =AVERAGE(D4:D28) -> 8353.9335 | E29: =AVERAGE(E4:E28) -> 6760 | F29: =AVERAGE(F4:F28) -> 1.235789
A30: Stock tertinggi | B30: =MAX(B4:B28) -> 10993.738 | C30: =MAX(C4:C28) -> 1078.899 | D30: =MAX(D4:D28) -> 11851.44 | E30: 6760 | F30: =D30/E30 -> 1.7531716
A33: BARANG JADI JANUARI 2026
A34: TGL | B34: STOCK | D34: TOTAL STOCK | E34: KAP | F34: TREND
B35: WH | C35: PRD & QA
A36: 2 | B36: =(JAN!C12+JAN!C13+JAN!C14+JAN!C15+JAN!C16+JAN!C17+JAN!C18+JAN!C19+JAN!C20+JAN!C23)/1000 -> 8739.3915 | C36: =(JAN!C21+JAN!C22)/1000 -> 801.746 | D36: =B36+C36 -> 9541.1375 | E36: 12000 | F36: =D36/E36 -> 0.79509479
A37: 3 | B37: =(JAN!D12+JAN!D13+JAN!D14+JAN!D15+JAN!D16+JAN!D17+JAN!D18+JAN!D19+JAN!D20+JAN!D23)/1000 -> 8684.7555 | C37: =(JAN!D21+JAN!D22)/1000 -> 955.189 | D37: =B37+C37 -> 9639.9445 | E37: 12000 | F37: =D37/E37 -> 0.80332871
A38: 5 | B38: =(JAN!E12+JAN!E13+JAN!E14+JAN!E15+JAN!E16+JAN!E17+JAN!E18+JAN!E19+JAN!E20+JAN!E23)/1000 -> 10139.065 | C38: =(JAN!E21+JAN!E22)/1000 -> 837.624 | D38: =B38+C38 -> 10976.689 | E38: 12000 | F38: =D38/E38 -> 0.91472404
A39: 6 | B39: =(JAN!F12+JAN!F13+JAN!F14+JAN!F15+JAN!F16+JAN!F17+JAN!F18+JAN!F19+JAN!F20+JAN!F23)/1000 -> 9857.5835 | C39: =(JAN!F21+JAN!F22)/1000 -> 800.233 | D39: =B39+C39 -> 10657.817 | E39: 12000 | F39: =D39/E39 -> 0.88815138
A40: 7 | B40: =(JAN!G12+JAN!G13+JAN!G14+JAN!G15+JAN!G16+JAN!G17+JAN!G18+JAN!G19+JAN!G20+JAN!G23)/1000 -> 9095.5765 | C40: =(JAN!G21+JAN!G22)/1000 -> 605.859 | D40: =B40+C40 -> 9701.4355 | E40: 12000 | F40: =D40/E40 -> 0.80845296
A41: 8 | B41: =(JAN!H12+JAN!H13+JAN!H14+JAN!H15+JAN!H16+JAN!H17+JAN!H18+JAN!H19+JAN!H20+JAN!H23)/1000 -> 8664.4025 | C41: =(JAN!H21+JAN!H22)/1000 -> 300.947 | D41: =B41+C41 -> 8965.3495 | E41: 12000 | F41: =D41/E41 -> 0.74711246
A42: 9 | B42: =(JAN!I12+JAN!I13+JAN!I14+JAN!I15+JAN!I16+JAN!I17+JAN!I18+JAN!I19+JAN!I20+JAN!I23)/1000 -> 7771.7065 | C42: =(JAN!I21+JAN!I22)/1000 -> 462.795 | D42: =B42+C42 -> 8234.5015 | E42: 12000 | F42: =D42/E42 -> 0.68620846
A43: 10 | B43: =(JAN!J12+JAN!J13+JAN!J14+JAN!J15+JAN!J16+JAN!J17+JAN!J18+JAN!J19+JAN!J20+JAN!J23)/1000 -> 7053.247 | C43: =(JAN!J21+JAN!J22)/1000 -> 289.336 | D43: =B43+C43 -> 7342.583 | E43: 12000 | F43: =D43/E43 -> 0.61188192
A44: 12 | B44: =(JAN!K12+JAN!K13+JAN!K14+JAN!K15+JAN!K16+JAN!K17+JAN!K18+JAN!K19+JAN!K20+JAN!K23)/1000 -> 6998.1545 | C44: =(JAN!K21+JAN!K22)/1000 -> 498.774 | D44: =B44+C44 -> 7496.9285 | E44: 12000 | F44: =D44/E44 -> 0.62474404
A45: 13 | B45: =(JAN!L12+JAN!L13+JAN!L14+JAN!L15+JAN!L16+JAN!L17+JAN!L18+JAN!L19+JAN!L20+JAN!L23)/1000 -> 7306.4675 | C45: =(JAN!L21+JAN!L22)/1000 -> 491.677 | D45: =B45+C45 -> 7798.1445 | E45: 12000 | F45: =D45/E45 -> 0.64984537
A46: 14 | B46: =(JAN!M12+JAN!M13+JAN!M14+JAN!M15+JAN!M16+JAN!M17+JAN!M18+JAN!M19+JAN!M20+JAN!M23)/1000 -> 7417.5875 | C46: =(JAN!M21+JAN!M22)/1000 -> 652.545 | D46: =B46+C46 -> 8070.1325 | E46: 12000 | F46: =D46/E46 -> 0.67251104
A47: 15 | B47: =(JAN!N12+JAN!N13+JAN!N14+JAN!N15+JAN!N16+JAN!N17+JAN!N18+JAN!N19+JAN!N20+JAN!N23)/1000 -> 7307.4515 | C47: =(JAN!N21+JAN!N22)/1000 -> 407.436 | D47: =B47+C47 -> 7714.8875 | E47: 12000 | F47: =D47/E47 -> 0.64290729
A48: 17 | B48: =(JAN!O12+JAN!O13+JAN!O14+JAN!O15+JAN!O16+JAN!O17+JAN!O18+JAN!O19+JAN!O20+JAN!O23)/1000 -> 6561.7845 | C48: =(JAN!O21+JAN!O22)/1000 -> 413.913 | D48: =B48+C48 -> 6975.6975 | E48: 12000 | F48: =D48/E48 -> 0.58130813
A49: 19 | B49: =(JAN!P12+JAN!P13+JAN!P14+JAN!P15+JAN!P16+JAN!P17+JAN!P18+JAN!P19+JAN!P20+JAN!P23)/1000 -> 6842.0505 | C49: =(JAN!P21+JAN!P22)/1000 -> 413.913 | D49: =B49+C49 -> 7255.9635 | E49: 12000 | F49: =D49/E49 -> 0.60466363
A50: 20 | B50: =(JAN!Q12+JAN!Q13+JAN!Q14+JAN!Q15+JAN!Q16+JAN!Q17+JAN!Q18+JAN!Q19+JAN!Q20+JAN!Q23)/1000 -> 6833.2775 | C50: =(JAN!Q21+JAN!Q22)/1000 -> 413.913 | D50: =B50+C50 -> 7247.1905 | E50: 12000 | F50: =D50/E50 -> 0.60393254
A51: 21 | B51: =(JAN!R12+JAN!R13+JAN!R14+JAN!R15+JAN!R16+JAN!R17+JAN!R18+JAN!R19+JAN!R20+JAN!R23)/1000 -> 6634.1265 | C51: =(JAN!R21+JAN!R22)/1000 -> 656.405 | D51: =B51+C51 -> 7290.5315 | E51: 12000 | F51: =D51/E51 -> 0.60754429
A52: 22 | B52: =(JAN!S12+JAN!S13+JAN!S14+JAN!S15+JAN!S16+JAN!S17+JAN!S18+JAN!S19+JAN!S20+JAN!S23)/1000 -> 6814.0845 | C52: =(JAN!S21+JAN!S22)/1000 -> 633.688 | D52: =B52+C52 -> 7447.7725 | E52: 12000 | F52: =D52/E52 -> 0.62064771
A53: 23 | B53: =(JAN!T12+JAN!T13+JAN!T14+JAN!T15+JAN!T16+JAN!T17+JAN!T18+JAN!T19+JAN!T20+JAN!T23)/1000 -> 7144.0205 | C53: =(JAN!T21+JAN!T22)/1000 -> 521.518 | D53: =B53+C53 -> 7665.5385 | E53: 12000 | F53: =D53/E53 -> 0.63879487 | H53: PERHITUNGAN KAPASITAS : RATA-RATA BERAT PER COIL 5 TON
A54: 24 | B54: =(JAN!U12+JAN!U13+JAN!U14+JAN!U15+JAN!U16+JAN!U17+JAN!U18+JAN!U19+JAN!U20+JAN!U23)/1000 -> 7099.2685 | C54: =(JAN!U21+JAN!U22)/1000 -> 416.977 | D54: =B54+C54 -> 7516.2455 | E54: 12000 | F54: =D54/E54 -> 0.62635379 | H54: COIL PRIME, MEDIUM , SECOND
A55: 26 | B55: =(JAN!V12+JAN!V13+JAN!V14+JAN!V15+JAN!V16+JAN!V17+JAN!V18+JAN!V19+JAN!V20+JAN!V23)/1000 -> 7708.6175 | C55: =(JAN!V21+JAN!V22)/1000 -> 955.243 | D55: =B55+C55 -> 8663.8605 | E55: 12000 | F55: =D55/E55 -> 0.72198838 | H55: Kapasitas | J55: 12000 | K55: Ton
A56: 27 | B56: =(JAN!W12+JAN!W13+JAN!W14+JAN!W15+JAN!W16+JAN!W17+JAN!W18+JAN!W19+JAN!W20+JAN!W23)/1000 -> 7459.0965 | C56: =(JAN!W21+JAN!W22)/1000 -> 753.832 | D56: =B56+C56 -> 8212.9285 | E56: 12000 | F56: =D56/E56 -> 0.68441071 | H56: Posisi Stock 31 Jan 26 | J56: 7864 | K56: Ton
A57: 28 | B57: =(JAN!X12+JAN!X13+JAN!X14+JAN!X15+JAN!X16+JAN!X17+JAN!X18+JAN!X19+JAN!X20+JAN!X23)/1000 -> 7393.6975 | C57: =(JAN!X21+JAN!X22)/1000 -> 713.329 | D57: =B57+C57 -> 8107.0265 | E57: 12000 | F57: =D57/E57 -> 0.67558554 | H57: Kapasitas (%) | J57: =J56/J55 -> 0.65533333 | K57: Ton
A58: 29 | B58: =(JAN!Y12+JAN!Y13+JAN!Y14+JAN!Y15+JAN!Y16+JAN!Y17+JAN!Y18+JAN!Y19+JAN!Y20+JAN!Y23)/1000 -> 7210.2885 | C58: =(JAN!Y21+JAN!Y22)/1000 -> 764.695 | D58: =B58+C58 -> 7974.9835 | E58: 12000 | F58: =D58/E58 -> 0.66458196 | H58: Kapasitas tersisa | J58: =100%-J57 -> 0.34466667 | K58: Ton
A59: 30 | B59: =(JAN!Z12+JAN!Z13+JAN!Z14+JAN!Z15+JAN!Z16+JAN!Z17+JAN!Z18+JAN!Z19+JAN!Z20+JAN!Z23)/1000 -> 7851.2795 | C59: =(JAN!Z21+JAN!Z22)/1000 -> 302.98 | D59: =B59+C59 -> 8154.2595 | E59: 12000 | F59: =D59/E59 -> 0.67952163
A60: 31 | B60: =(JAN!AA12+JAN!AA13+JAN!AA14+JAN!AA15+JAN!AA16+JAN!AA17+JAN!AA18+JAN!AA19+JAN!AA20+JAN!AA23)/1000 -> 7655.7945 | C60: =(JAN!AA21+JAN!AA22)/1000 -> 208.029 | D60: =B60+C60 -> 7863.8235 | E60: 12000 | F60: =D60/E60 -> 0.65531863
B61: =AVERAGE(B36:B60) -> 7689.711 | C61: =AVERAGE(C36:C60) -> 570.90384 | D61: =AVERAGE(D36:D60) -> 8260.6148 | E61: =AVERAGE(E36:E60) -> 12000 | F61: =AVERAGE(F36:F60) -> 0.68838457
A62: Stock tertinggi | B62: =MAX(B36:B60) -> 10139.065 | C62: =MAX(C36:C60) -> 955.243 | D62: =MAX(D36:D60) -> 10976.689 | E62: 12000 | F62: =D62/E62 -> 0.91472404

Sheet FEB
A1: POSISI STOCK TML FEBRUARI 2026 ( KG )
A3: STOCK | C3: 2 | D3: 3 | E3: 4 | F3: 5 | G3: 6 | H3: 7 | I3: 9 | J3: 10 | K3: 11 | L3: 12 | M3: 13 | N3: 14 | O3: 16 | P3: 18 | Q3: 19 | R3: 20 | S3: 21 | T3: 23 | U3: 24 | V3: 25 | W3: 26 | X3: 27 | Y3: 28 | Z3: AVERAGE
A5: BAHAN BAKU | B5: CRC | C5: 3007580 | D5: 2824480 | E5: 3004315 | F5: 2473565 | G5: 2927515 | H5: 2631955 | I5: 2448115 | J5: 2240285 | K5: 2318845 | L5: 2186375 | M5: 2320715 | N5: 1452195 | O5: 2066135 | P5: 2315175 | Q5: 2620935 | R5: 2923755 | S5: 3971765 | T5: 4582915 | U5: 4243885 | V5: 4002785 | W5: 3688905 | X5: 3903965 | Y5: 2997345 | Z5: =AVERAGE(C5:Y5) -> 2919717.6
B6: ALLUMUNIUM | C6: 21811 | D6: 17793 | E6: 318378 | F6: 306327 | G6: 303642 | H6: 299599 | I6: 298253 | J6: 294224 | K6: 288792 | L6: 281754 | M6: 269064 | N6: 256980 | O6: 256980 | P6: 256980 | Q6: 243029 | R6: 243029 | S6: 243029 | T6: 243029 | U6: 233635 | V6: 232235 | W6: 214840 | X6: 189327 | Y6: 181285 | Z6: =AVERAGE(C6:Y6) -> 238870.22
B7: ZINC | C7: 531566 | D7: 524949 | E7: 499564 | F7: 499564 | G7: 499564 | H7: 495149 | I7: 492944 | J7: 492944 | K7: 490737 | L7: 484114 | M7: 480803 | N7: 469777 | O7: 469777 | P7: 469777 | Q7: 459848 | R7: 459848 | S7: 459848 | T7: 433866 | U7: 428343 | V7: 427242 | W7: 420632 | X7: 398582 | Y7: 383152 | Z7: =AVERAGE(C7:Y7) -> 468373.48
B8: ALKALI | C8: 6000 | D8: 6000 | E8: 6000 | F8: 6000 | G8: 3600 | H8: 3600 | I8: 7200 | J8: 7200 | K8: 7200 | L8: 4800 | M8: 2400 | N8: 2400 | O8: 3600 | P8: 3600 | Q8: 3600 | R8: 3600 | S8: 3600 | T8: 3600 | U8: 3600 | V8: 3600 | W8: 3600 | X8: 3600 | Y8: 3600 | Z8: =AVERAGE(C8:Y8) -> 4434.7826
B9: RESIN | C9: 33980 | D9: 33980 | E9: 32980 | F9: 39430 | G9: 39430 | H9: 38280 | I9: 43280 | J9: 43280 | K9: 43280 | L9: 40280 | M9: 40280 | N9: 39280 | O9: 46280 | P9: 46280 | Q9: 46280 | R9: 46580 | S9: 47580 | T9: 47280 | U9: 46280 | V9: 45498 | W9: 44478 | X9: 42478 | Y9: 39348 | Z9: =AVERAGE(C9:Y9) -> 42005.304
B10: PRD | C10: 704945 | D10: 459655 | E10: 312945 | F10: 379873 | G10: 428925 | H10: 432120 | I10: 195430 | J10: 413799 | K10: 306507 | L10: 406297 | M10: 486550 | N10: 348703 | O10: 229630 | P10: 229630 | Q10: 229630 | R10: 518900 | S10: 685470 | T10: 685870 | U10: 800341 | V10: 391871 | W10: 406605 | X10: 437968 | Y10: 254372 | Z10: =AVERAGE(C10:Y10) -> 423740.7
B11: QA | C11: 107053 | D11: 107053 | E11: 107053 | F11: 107053 | G11: 66293 | H11: 48153 | I11: 48153 | J11: 48153 | K11: 48153 | L11: 48153 | M11: 48153 | N11: 48153 | O11: 48153 | P11: 48153 | Q11: 48153 | R11: 48153 | S11: 48153 | T11: 48388 | U11: 48388 | V11: 48388 | W11: 48388 | X11: 48388 | Y11: 48388 | Z11: =AVERAGE(C11:Y11) -> 59246.478
A12: BARANG JADI | B12: NEXALUME PRIME | C12: 3833853 | D12: 3660457 | E12: 3678447 | F12: 3545224 | G12: 3282493 | H12: 2884429 | I12: 2498571 | J12: 1830594 | K12: 1770887 | L12: 1739295 | M12: 1739295 | N12: 2467543 | O12: 2050550 | P12: 1671718 | Q12: 1407773 | R12: 1190963 | S12: 1061343 | T12: 941696 | U12: 1668951 | V12: 2013873 | W12: 1566315 | X12: 1691654 | Y12: 1968057 | Z12: =AVERAGE(C12:Y12) -> 2181042.7
B13: TATALUME PRIME | C13: 424647 | D13: 420134 | E13: 450820 | F13: 494158 | G13: 450984 | H13: 499937 | I13: 496851 | J13: 378105 | K13: 418274 | L13: 423648 | M13: 356039 | N13: 297796 | O13: 237593 | P13: 267439 | Q13: 265174 | R13: 287280 | S13: 296281 | T13: 318313 | U13: 305685 | V13: 285205 | W13: 300781 | X13: 308409 | Y13: 244390 | Z13: =AVERAGE(C13:Y13) -> 357736.65
B14: NEXCOLOR PRIME | C14: 16033 | D14: 9712 | E14: 13017 | F14: 13148 | G14: 13148 | H14: 13148 | I14: 13148 | J14: 13148 | K14: 13148 | L14: 13148 | M14: 13148 | N14: 25349 | O14: 25353 | P14: 9228 | Q14: 9228 | R14: 9330 | S14: 9330 | T14: 9330 | U14: 9322 | V14: 9322 | W14: 9322 | X14: 11116 | Y14: 9322 | Z14: =AVERAGE(C14:Y14) -> 12586.87
B15: NEXIUM PRIME | C15: 390190 | D15: 406457 | E15: 432729 | F15: 432729 | G15: 435231 | H15: 435149 | I15: 435149 | J15: 435149 | K15: 399876 | L15: 402359 | M15: 459723 | N15: 460301 | O15: 412301 | P15: 412301 | Q15: 412301 | R15: 421156 | S15: 442437 | T15: 760573 | U15: 726326 | V15: 790597 | W15: 765444 | X15: 690006 | Y15: 573904 | Z15: =AVERAGE(C15:Y15) -> 501408.17
B16: COIL TATA SENTOSA | C16: 889890 | D16: 889890 | E16: 889890 | F16: 889890 | G16: 889890 | H16: 889890 | I16: 889890 | J16: 1178881 | K16: 1178881 | L16: 1178881 | M16: 1178881 | N16: 1178881 | O16: 811850 | P16: 1257165 | Q16: 1257165 | R16: 1257165 | S16: 1407841 | T16: 1392845 | U16: 1309992 | V16: 1121317 | W16: 1121317 | X16: 1121317 | Y16: 1121317 | Z16: =AVERAGE(C16:Y16) -> 1100127.2
B17: COIL TATALOGAM | C17: 1354329.5 | D17: 1332256.5 | E17: 1292802.5 | F17: 1292802.5 | G17: 971199.5 | H17: 971199.5 | I17: 948903.5 | J17: 948903.5 | K17: 948903.5 | L17: 948903.5 | M17: 948903.5 | N17: 948903.5 | O17: 809555.5 | P17: 809555.5 | Q17: 809555.5 | R17: 809555.5 | S17: 704242.5 | T17: 665245.5 | U17: 665245.5 | V17: 665245.5 | W17: 776098.5 | X17: 569439.5 | Y17: 569439.5 | Z17: =AVERAGE(C17:Y17) -> 902660.41
B18: NEXALUME MEDIUM | C18: 684091 | D18: 684091 | E18: 684091 | F18: 689420 | G18: 689420 | H18: 689420 | I18: 689420 | J18: 689420 | K18: 687157 | L18: 687157 | M18: 687157 | N18: 687157 | O18: 690794 | P18: 690794 | Q18: 690794 | R18: 690794 | S18: 690794 | T18: 688188 | U18: 688188 | V18: 688188 | W18: 712657 | X18: 712657 | Y18: 712657 | Z18: =AVERAGE(C18:Y18) -> 691500.26
B19: NEXALUME SECOND | C19: 56900 | D19: 56900 | E19: 56900 | F19: 56900 | G19: 56900 | H19: 56900 | I19: 56900 | J19: 56900 | K19: 65102 | L19: 65102 | M19: 65102 | N19: 65102 | O19: 67986 | P19: 67986 | Q19: 69457 | R19: 69457 | S19: 69457 | T19: 66025 | U19: 66025 | V19: 66025 | W19: 102157 | X19: 102157 | Y19: 102157 | Z19: =AVERAGE(C19:Y19) -> 68021.609
B20: COIL SLITTING | C20: 595822 | D20: 571656 | E20: 546163 | F20: 551108 | G20: 549397 | H20: 667942 | I20: 677518 | J20: 735052 | K20: 399117 | L20: 785272 | M20: 787565 | N20: 950787 | O20: 1041397 | P20: 1115050 | Q20: 1106271 | R20: 979071 | S20: 1003245 | T20: 1003245 | U20: 959522 | V20: 875861 | W20: 871040 | X20: 1073656 | Y20: 1194428 | Z20: =AVERAGE(C20:Y20) -> 827834.13
B21: PRD | C21: 139249 | D21: 225596 | E21: 494930 | F21: 558467 | G21: 432416 | H21: 573817 | I21: 850672 | J21: 728328 | K21: 550456 | L21: 695673 | M21: 544482 | N21: 462138 | O21: 353767 | P21: 239946 | Q21: 156842 | R21: 213057 | S21: 99141 | T21: 275411 | U21: 279165 | V21: 445829 | W21: 505337 | X21: 328009 | Y21: 259039 | Z21: =AVERAGE(C21:Y21) -> 409207.26
B22: QA | C22: 59819 | D22: 89668 | E22: 74624 | F22: 92223 | G22: 43586 | H22: 70221 | I22: 36625 | J22: 30196 | K22: 48834 | L22: 44728 | M22: 26854 | N22: 27928 | O22: 29754 | P22: 29754 | Q22: 54628 | R22: 28791 | S22: 24422 | T22: 234829 | U22: 94989 | V22: 85332 | W22: 88323 | X22: 83141 | Y22: 61084 | Z22: =AVERAGE(C22:Y22) -> 63493.609
B23: DOWNGRADE | C23: 172905 | D23: 172905 | E23: 172921 | F23: 172921 | G23: 172921 | H23: 172921 | I23: 172921 | J23: 172921 | K23: 175744 | L23: 175744 | M23: 175744 | N23: 175744 | O23: 175744 | P23: 175744 | Q23: 175840 | R23: 175840 | S23: 176000 | T23: 207809 | U23: 207809 | V23: 216779 | W23: 216779 | X23: 216779 | Y23: 216779 | Z23: =AVERAGE(C23:Y23) -> 184704.96
A24: LIMBAH | B24: DROSS | C24: 5844.5 | D24: 5844.5 | E24: 1325 | F24: 1325 | G24: 1325 | H24: 1325 | I24: 4192 | J24: 4192 | K24: 0 | L24: 0 | M24: 0 | N24: 632 | O24: 1186.5 | P24: 1186.5 | Q24: 1713 | R24: 1713 | S24: 1713 | T24: 3351.5 | U24: 3351.5 | V24: 3351.5 | W24: 3351.5 | X24: 3351.5 | Y24: 3958.5 | Z24: =AVERAGE(C24:Y24) -> 2357.9565
B25: PUP COIL | C25: 16275 | D25: 16275 | E25: 16275 | F25: 16275 | G25: 16275 | H25: 16275 | I25: 16275 | J25: 16275 | K25: 16275 | L25: 16275 | M25: 16275 | N25: 16275 | O25: 19627 | P25: 19627 | Q25: 19627 | R25: 19627 | S25: 19627 | T25: 19627 | U25: 19627 | V25: 19627 | W25: 19627 | X25: 19627 | Y25: 19627 | Z25: =AVERAGE(C25:Y25) -> 17878.13

Sheet KAPASITAS FEB
A1: CRC - FEBRUARI 2026
A2: TGL | B2: STOCK | D2: TOTAL STOCK | E2: KAP | F2: TREND
B3: WH | C3: PRD & QA
A4: 2 | B4: =FEB!C5/1000 -> 3007.58 | C4: =(FEB!C10+FEB!C11)/1000 -> 811.998 | D4: =B4+C4 -> 3819.578 | E4: 6760 | F4: =D4/E4 -> 0.56502633
A5: 3 | B5: =FEB!D5/1000 -> 2824.48 | C5: =(FEB!D10+FEB!D11)/1000 -> 566.708 | D5: =B5+C5 -> 3391.188 | E5: 6760 | F5: =D5/E5 -> 0.50165503
A6: 4 | B6: =FEB!E5/1000 -> 3004.315 | C6: =(FEB!E10+FEB!E11)/1000 -> 419.998 | D6: =B6+C6 -> 3424.313 | E6: 6760 | F6: =D6/E6 -> 0.50655518
A7: 5 | B7: =FEB!F5/1000 -> 2473.565 | C7: =(FEB!F10+FEB!F11)/1000 -> 486.926 | D7: =B7+C7 -> 2960.491 | E7: 6760 | F7: =D7/E7 -> 0.43794246
A8: 6 | B8: =FEB!G5/1000 -> 2927.515 | C8: =(FEB!G10+FEB!G11)/1000 -> 495.218 | D8: =B8+C8 -> 3422.733 | E8: 6760 | F8: =D8/E8 -> 0.50632145
A9: 7 | B9: =FEB!H5/1000 -> 2631.955 | C9: =(FEB!H10+FEB!H11)/1000 -> 480.273 | D9: =B9+C9 -> 3112.228 | E9: 6760 | F9: =D9/E9 -> 0.46038876
A10: 9 | B10: =FEB!I5/1000 -> 2448.115 | C10: =(FEB!I10+FEB!I11)/1000 -> 243.583 | D10: =B10+C10 -> 2691.698 | E10: 6760 | F10: =D10/E10 -> 0.39818018
A11: 10 | B11: =FEB!J5/1000 -> 2240.285 | C11: =(FEB!J10+FEB!J11)/1000 -> 461.952 | D11: =B11+C11 -> 2702.237 | E11: 6760 | F11: =D11/E11 -> 0.3997392
A12: 11 | B12: =FEB!K5/1000 -> 2318.845 | C12: =(FEB!K10+FEB!K11)/1000 -> 354.66 | D12: =B12+C12 -> 2673.505 | E12: 6760 | F12: =D12/E12 -> 0.39548891
A13: 12 | B13: =FEB!L5/1000 -> 2186.375 | C13: =(FEB!L10+FEB!L11)/1000 -> 454.45 | D13: =B13+C13 -> 2640.825 | E13: 6760 | F13: =D13/E13 -> 0.39065459
A14: 13 | B14: =FEB!M5/1000 -> 2320.715 | C14: =(FEB!M10+FEB!M11)/1000 -> 534.703 | D14: =B14+C14 -> 2855.418 | E14: 6760 | F14: =D14/E14 -> 0.42239911
A15: 14 | B15: =FEB!N5/1000 -> 1452.195 | C15: =(FEB!N10+FEB!N11)/1000 -> 396.856 | D15: =B15+C15 -> 1849.051 | E15: 6760 | F15: =D15/E15 -> 0.27352825
A16: 16 | B16: =FEB!O5/1000 -> 2066.135 | C16: =(FEB!O10+FEB!O11)/1000 -> 277.783 | D16: =B16+C16 -> 2343.918 | E16: 6760 | F16: =D16/E16 -> 0.34673343
A17: 18 | B17: =FEB!P5/1000 -> 2315.175 | C17: =(FEB!P10+FEB!P11)/1000 -> 277.783 | D17: =B17+C17 -> 2592.958 | E17: 6760 | F17: =D17/E17 -> 0.38357367
A18: 19 | B18: =FEB!Q5/1000 -> 2620.935 | C18: =(FEB!Q10+FEB!Q11)/1000 -> 277.783 | D18: =B18+C18 -> 2898.718 | E18: 6760 | F18: =D18/E18 -> 0.42880444
A19: 20 | B19: =FEB!R5/1000 -> 2923.755 | C19: =(FEB!R10+FEB!R11)/1000 -> 567.053 | D19: =B19+C19 -> 3490.808 | E19: 6760 | F19: =D19/E19 -> 0.51639172 | H19: PERHITUNGAN KAPASITAS : RATA-RATA BERAT PER COIL 20 TON
A20: 21 | B20: =FEB!S5/1000 -> 3971.765 | C20: =(FEB!S10+FEB!S11)/1000 -> 733.623 | D20: =B20+C20 -> 4705.388 | E20: 6760 | F20: =D20/E20 -> 0.69606331 | H20: Kapasitas | J20: 6760 | K20: Ton
A21: 23 | B21: =FEB!T5/1000 -> 4582.915 | C21: =(FEB!T10+FEB!T11)/1000 -> 734.258 | D21: =B21+C21 -> 5317.173 | E21: 6760 | F21: =D21/E21 -> 0.78656405 | H21: Posisi Stock 28 Feb 26 | J21: 3300 | K21: Ton
A22: 24 | B22: =FEB!U5/1000 -> 4243.885 | C22: =(FEB!U10+FEB!U11)/1000 -> 848.729 | D22: =B22+C22 -> 5092.614 | E22: 6760 | F22: =D22/E22 -> 0.75334527 | H22: Kapasitas (%) | J22: =J21/J20 -> 0.48816568 | K22: Ton
A23: 25 | B23: =FEB!V5/1000 -> 4002.785 | C23: =(FEB!V10+FEB!V11)/1000 -> 440.259 | D23: =B23+C23 -> 4443.044 | E23: 6760 | F23: =D23/E23 -> 0.65725503 | H23: Kapasitas tersisa | J23: =100%-J22 -> 0.51183432 | K23: Ton
A24: 26 | B24: =FEB!W5/1000 -> 3688.905 | C24: =(FEB!W10+FEB!W11)/1000 -> 454.993 | D24: =B24+C24 -> 4143.898 | E24: 6760 | F24: =D24/E24 -> 0.61300266
A25: 27 | B25: =FEB!X5/1000 -> 3903.965 | C25: =(FEB!X10+FEB!X11)/1000 -> 486.356 | D25: =B25+C25 -> 4390.321 | E25: 6760 | F25: =D25/E25 -> 0.64945577
A26: 28 | B26: =FEB!Y5/1000 -> 2997.345 | C26: =(FEB!Y10+FEB!Y11)/1000 -> 302.76 | D26: =B26+C26 -> 3300.105 | E26: 6760 | F26: =D26/E26 -> 0.48818121
A27: AVERAGE | B27: =AVERAGE(B4:B26) -> 2919.7176 | C27: =AVERAGE(C4:C26) -> 482.98717 | D27: =AVERAGE(D4:D26) -> 3402.7048 | E27: =AVERAGE(E4:E26) -> 6760 | F27: =AVERAGE(F4:F26) -> 0.5033587
A28: Stock tertinggi | B28: =MAX(B4:B26) -> 4582.915 | C28: =MAX(C4:C26) -> 848.729 | D28: =MAX(D4:D26) -> 5317.173 | E28: 6760 | F28: =D28/E28 -> 0.78656405
A31: BARANG JADI FEBRUARI 2026
A32: TGL | B32: STOCK | D32: TOTAL STOCK | E32: KAP | F32: TREND
B33: WH | C33: PRD & QA
A34: 2 | B34: =(FEB!C12+FEB!C13+FEB!C14+FEB!C15+FEB!C16+FEB!C17+FEB!C18+FEB!C19+FEB!C20+FEB!C23)/1000 -> 8418.6605 | C34: =(FEB!C21+FEB!C22)/1000 -> 199.068 | D34: =B34+C34 -> 8617.7285 | E34: 12000 | F34: =D34/E34 -> 0.71814404
A35: 3 | B35: =(FEB!D12+FEB!D13+FEB!D14+FEB!D15+FEB!D16+FEB!D17+FEB!D18+FEB!D19+FEB!D20+FEB!D23)/1000 -> 8204.4585 | C35: =(FEB!D21+FEB!D22)/1000 -> 315.264 | D35: =B35+C35 -> 8519.7225 | E35: 12000 | F35: =D35/E35 -> 0.70997687
A36: 4 | B36: =(FEB!E12+FEB!E13+FEB!E14+FEB!E15+FEB!E16+FEB!E17+FEB!E18+FEB!E19+FEB!E20+FEB!E23)/1000 -> 8217.7805 | C36: =(FEB!E21+FEB!E22)/1000 -> 569.554 | D36: =B36+C36 -> 8787.3345 | E36: 12000 | F36: =D36/E36 -> 0.73227788
A37: 5 | B37: =(FEB!F12+FEB!F13+FEB!F14+FEB!F15+FEB!F16+FEB!F17+FEB!F18+FEB!F19+FEB!F20+FEB!F23)/1000 -> 8138.3005 | C37: =(FEB!F21+FEB!F22)/1000 -> 650.69 | D37: =B37+C37 -> 8788.9905 | E37: 12000 | F37: =D37/E37 -> 0.73241587
A38: 6 | B38: =(FEB!G12+FEB!G13+FEB!G14+FEB!G15+FEB!G16+FEB!G17+FEB!G18+FEB!G19+FEB!G20+FEB!G23)/1000 -> 7511.5835 | C38: =(FEB!G21+FEB!G22)/1000 -> 476.002 | D38: =B38+C38 -> 7987.5855 | E38: 12000 | F38: =D38/E38 -> 0.66563213
A39: 7 | B39: =(FEB!H12+FEB!H13+FEB!H14+FEB!H15+FEB!H16+FEB!H17+FEB!H18+FEB!H19+FEB!H20+FEB!H23)/1000 -> 7280.9355 | C39: =(FEB!H21+FEB!H22)/1000 -> 644.038 | D39: =B39+C39 -> 7924.9735 | E39: 12000 | F39: =D39/E39 -> 0.66041446
A40: 9 | B40: =(FEB!I12+FEB!I13+FEB!I14+FEB!I15+FEB!I16+FEB!I17+FEB!I18+FEB!I19+FEB!I20+FEB!I23)/1000 -> 6879.2715 | C40: =(FEB!I21+FEB!I22)/1000 -> 887.297 | D40: =B40+C40 -> 7766.5685 | E40: 12000 | F40: =D40/E40 -> 0.64721404
A41: 10 | B41: =(FEB!J12+FEB!J13+FEB!J14+FEB!J15+FEB!J16+FEB!J17+FEB!J18+FEB!J19+FEB!J20+FEB!J23)/1000 -> 6439.0735 | C41: =(FEB!J21+FEB!J22)/1000 -> 758.524 | D41: =B41+C41 -> 7197.5975 | E41: 12000 | F41: =D41/E41 -> 0.59979979
A42: 11 | B42: =(FEB!K12+FEB!K13+FEB!K14+FEB!K15+FEB!K16+FEB!K17+FEB!K18+FEB!K19+FEB!K20+FEB!K23)/1000 -> 6057.0895 | C42: =(FEB!K21+FEB!K22)/1000 -> 599.29 | D42: =B42+C42 -> 6656.3795 | E42: 12000 | F42: =D42/E42 -> 0.55469829
A43: 12 | B43: =(FEB!L12+FEB!L13+FEB!L14+FEB!L15+FEB!L16+FEB!L17+FEB!L18+FEB!L19+FEB!L20+FEB!L23)/1000 -> 6419.5095 | C43: =(FEB!L21+FEB!L22)/1000 -> 740.401 | D43: =B43+C43 -> 7159.9105 | E43: 12000 | F43: =D43/E43 -> 0.59665921
A44: 13 | B44: =(FEB!M12+FEB!M13+FEB!M14+FEB!M15+FEB!M16+FEB!M17+FEB!M18+FEB!M19+FEB!M20+FEB!M23)/1000 -> 6411.5575 | C44: =(FEB!M21+FEB!M22)/1000 -> 571.336 | D44: =B44+C44 -> 6982.8935 | E44: 12000 | F44: =D44/E44 -> 0.58190779
A45: 14 | B45: =(FEB!N12+FEB!N13+FEB!N14+FEB!N15+FEB!N16+FEB!N17+FEB!N18+FEB!N19+FEB!N20+FEB!N23)/1000 -> 7257.5635 | C45: =(FEB!N21+FEB!N22)/1000 -> 490.066 | D45: =B45+C45 -> 7747.6295 | E45: 12000 | F45: =D45/E45 -> 0.64563579
A46: 16 | B46: =(FEB!O12+FEB!O13+FEB!O14+FEB!O15+FEB!O16+FEB!O17+FEB!O18+FEB!O19+FEB!O20+FEB!O23)/1000 -> 6323.1235 | C46: =(FEB!O21+FEB!O22)/1000 -> 383.521 | D46: =B46+C46 -> 6706.6445 | E46: 12000 | F46: =D46/E46 -> 0.55888704
A47: 18 | B47: =(FEB!P12+FEB!P13+FEB!P14+FEB!P15+FEB!P16+FEB!P17+FEB!P18+FEB!P19+FEB!P20+FEB!P23)/1000 -> 6476.9805 | C47: =(FEB!P21+FEB!P22)/1000 -> 269.7 | D47: =B47+C47 -> 6746.6805 | E47: 12000 | F47: =D47/E47 -> 0.56222337
A48: 19 | B48: =(FEB!Q12+FEB!Q13+FEB!Q14+FEB!Q15+FEB!Q16+FEB!Q17+FEB!Q18+FEB!Q19+FEB!Q20+FEB!Q23)/1000 -> 6203.5585 | C48: =(FEB!Q21+FEB!Q22)/1000 -> 211.47 | D48: =B48+C48 -> 6415.0285 | E48: 12000 | F48: =D48/E48 -> 0.53458571
A49: 20 | B49: =(FEB!R12+FEB!R13+FEB!R14+FEB!R15+FEB!R16+FEB!R17+FEB!R18+FEB!R19+FEB!R20+FEB!R23)/1000 -> 5890.6115 | C49: =(FEB!R21+FEB!R22)/1000 -> 241.848 | D49: =B49+C49 -> 6132.4595 | E49: 12000 | F49: =D49/E49 -> 0.51103829
A50: 21 | B50: =(FEB!S12+FEB!S13+FEB!S14+FEB!S15+FEB!S16+FEB!S17+FEB!S18+FEB!S19+FEB!S20+FEB!S23)/1000 -> 5860.9705 | C50: =(FEB!S21+FEB!S22)/1000 -> 123.563 | D50: =B50+C50 -> 5984.5335 | E50: 12000 | F50: =D50/E50 -> 0.49871113
A51: 23 | B51: =(FEB!T12+FEB!T13+FEB!T14+FEB!T15+FEB!T16+FEB!T17+FEB!T18+FEB!T19+FEB!T20+FEB!T23)/1000 -> 6053.2695 | C51: =(FEB!T21+FEB!T22)/1000 -> 510.24 | D51: =B51+C51 -> 6563.5095 | E51: 12000 | F51: =D51/E51 -> 0.54695912 | H51: PERHITUNGAN KAPASITAS : RATA-RATA BERAT PER COIL 5 TON
A52: 24 | B52: =(FEB!U12+FEB!U13+FEB!U14+FEB!U15+FEB!U16+FEB!U17+FEB!U18+FEB!U19+FEB!U20+FEB!U23)/1000 -> 6607.0655 | C52: =(FEB!U21+FEB!U22)/1000 -> 374.154 | D52: =B52+C52 -> 6981.2195 | E52: 12000 | F52: =D52/E52 -> 0.58176829 | H52: COIL PRIME, MEDIUM , SECOND
A53: 25 | B53: =(FEB!V12+FEB!V13+FEB!V14+FEB!V15+FEB!V16+FEB!V17+FEB!V18+FEB!V19+FEB!V20+FEB!V23)/1000 -> 6732.4125 | C53: =(FEB!V21+FEB!V22)/1000 -> 531.161 | D53: =B53+C53 -> 7263.5735 | E53: 12000 | F53: =D53/E53 -> 0.60529779 | H53: Kapasitas | J53: 12000 | K53: Ton
A54: 26 | B54: =(FEB!W12+FEB!W13+FEB!W14+FEB!W15+FEB!W16+FEB!W17+FEB!W18+FEB!W19+FEB!W20+FEB!W23)/1000 -> 6441.9105 | C54: =(FEB!W21+FEB!W22)/1000 -> 593.66 | D54: =B54+C54 -> 7035.5705 | E54: 12000 | F54: =D54/E54 -> 0.58629754 | H54: Posisi Stock 28 Feb 26 | J54: 7033 | K54: Ton
A55: 27 | B55: =(FEB!X12+FEB!X13+FEB!X14+FEB!X15+FEB!X16+FEB!X17+FEB!X18+FEB!X19+FEB!X20+FEB!X23)/1000 -> 6497.1905 | C55: =(FEB!X21+FEB!X22)/1000 -> 411.15 | D55: =B55+C55 -> 6908.3405 | E55: 12000 | F55: =D55/E55 -> 0.57569504 | H55: Kapasitas (%) | J55: =J54/J53 -> 0.58608333 | K55: Ton
A56: 28 | B56: =(FEB!Y12+FEB!Y13+FEB!Y14+FEB!Y15+FEB!Y16+FEB!Y17+FEB!Y18+FEB!Y19+FEB!Y20+FEB!Y23)/1000 -> 6712.4505 | C56: =(FEB!Y21+FEB!Y22)/1000 -> 320.123 | D56: =B56+C56 -> 7032.5735 | E56: 12000 | F56: =D56/E56 -> 0.58604779 | H56: Kapasitas tersisa | J56: =100%-J55 -> 0.41391667 | K56: Ton
B57: =AVERAGE(B34:B56) -> 6827.6229 | C57: =AVERAGE(C34:C56) -> 472.70087 | D57: =AVERAGE(D34:D56) -> 7300.3238 | E57: =AVERAGE(E34:E56) -> 12000 | F57: =AVERAGE(F34:F56) -> 0.60836032
A58: Stock tertinggi | B58: =MAX(B34:B56) -> 8418.6605 | C58: =MAX(C34:C56) -> 887.297 | D58: =MAX(D34:D56) -> 8788.9905 | E58: 12000 | F58: =D58/E58 -> 0.73241587

Sheet MAR
A1: POSISI STOCK TML MARET 2026 ( KG )
A3: STOCK | C3: 2 | D3: 3 | E3: 4 | F3: 5 | G3: 6 | H3: 7 | I3: 9 | J3: 10 | K3: 11 | L3: 12 | M3: 13 | N3: 14 | O3: 16 | P3: 17 | Q3: 18 | R3: 28 | S3: 30 | T3: 31 | U3: AVERAGE
A5: BAHAN BAKU | B5: CRC | C5: 1994535 | D5: 2459630 | E5: 2712150 | F5: 2694980 | G5: 2093440 | H5: 1586580 | I5: 1486860 | J5: 1604790 | K5: 1680495 | L5: 2255160 | M5: 2255160 | N5: 3045020 | O5: 1765585 | P5: 1328520 | Q5: 466460 | R5: 629095 | S5: 843255 | T5: 1632645 | U5: =AVERAGE(C5:T5) -> 1807464.4
B6: ALLUMUNIUM | C6: 173248 | D6: 169219 | E6: 169219 | F6: 169219 | G6: 162491 | H6: 159796 | I6: 318792 | J6: 545634 | K6: 318792 | L6: 318792 | M6: 308944 | N6: 307538 | O6: 256656 | P6: 348262 | Q6: 348262 | R6: 348262 | S6: 348262 | T6: 344034 | U6: =AVERAGE(C6:T6) -> 284190.11
B7: ZINC | C7: 376542 | D7: 371029 | E7: 371029 | F7: 371029 | G7: 367722 | H7: 367722 | I7: 354501 | J7: 354501 | K7: 354501 | L7: 354501 | M7: 332454 | N7: 332454 | O7: 291076 | P7: 286662 | Q7: 439433 | R7: 439433 | S7: 515274 | T7: 508658 | U7: =AVERAGE(C7:T7) -> 377140.06
B8: ALKALI | C8: 3600 | D8: 3600 | E8: 7200 | F8: 7200 | G8: 4800 | H8: 4800 | I8: 4800 | J8: 4800 | K8: 4800 | L8: 4800 | M8: 4800 | N8: 4800 | O8: 2400 | P8: 6000 | Q8: 6000 | R8: 6000 | S8: 6000 | T8: 6000 | U8: =AVERAGE(C8:T8) -> 5133.3333
B9: RESIN | C9: 36348 | D9: 36348 | E9: 43348 | F9: 43348 | G9: 41228 | H9: 41228 | I9: 37228 | J9: 37108 | K9: 37108 | L9: 37108 | M9: 37108 | N9: 36748 | O9: 32358 | P9: 38238 | Q9: 38238 | R9: 38238 | S9: 38238 | T9: 37238 | U9: =AVERAGE(C9:T9) -> 38155.778
B10: PRD | C10: 592743 | D10: 597072 | E10: 284876 | F10: 395102 | G10: 461466 | H10: 588930 | I10: 56586 | J10: 43828 | K10: 43828 | L10: 43828 | M10: 43828 | N10: 392726 | O10: 347802 | P10: 182279 | Q10: 51472 | R10: 47432 | S10: 49867 | T10: 123047 | U10: =AVERAGE(C10:T10) -> 241484
B11: QA | C11: 48388 | D11: 48388 | E11: 5363 | F11: 5363 | G11: 5363 | H11: 13511 | I11: 28846 | J11: 28846 | K11: 28846 | L11: 28846 | M11: 28846 | N11: 28846 | O11: 28846 | P11: 28846 | Q11: 28846 | R11: 28846 | S11: 29248 | T11: 28846 | U11: =AVERAGE(C11:T11) -> 26273.889
A12: BARANG JADI | B12: NEXALUME PRIME | C12: 1557979 | D12: 1703321 | E12: 1519241 | F12: 1292537 | G12: 1529040 | H12: 1766937 | I12: 2281865 | J12: 2183882 | K12: 2160928 | L12: 1868539 | M12: 1838463 | N12: 1869127 | O12: 2425121 | P12: 2753725 | Q12: 3977079 | R12: 3848382 | S12: 3424269 | T12: 1962863 | U12: =AVERAGE(C12:T12) -> 2220183.2
B13: TATALUME PRIME | C13: 252272 | D13: 252272 | E13: 264403 | F13: 274068 | G13: 291644 | H13: 251124 | I13: 318961 | J13: 318961 | K13: 292696 | L13: 314028 | M13: 197263 | N13: 221417 | O13: 226749 | P13: 226749 | Q13: 226749 | R13: 275310 | S13: 247337 | T13: 264338 | U13: =AVERAGE(C13:T13) -> 262018.94
B14: NEXCOLOR PRIME | C14: 9322 | D14: 9322 | E14: 9322 | F14: 23344 | G14: 19253 | H14: 76622 | I14: 76622 | J14: 130317 | K14: 231460 | L14: 231460 | M14: 226291 | N14: 225198 | O14: 225198 | P14: 243190 | Q14: 239351 | R14: 240627 | S14: 207235 | T14: 174531 | U14: =AVERAGE(C14:T14) -> 144370.28
B15: NEXIUM PRIME | C15: 612788 | D15: 685740 | E15: 685740 | F15: 661124 | G15: 652269 | H15: 662348 | I15: 589042 | J15: 497776 | K15: 506930 | L15: 506930 | M15: 487780 | N15: 487780 | O15: 490771 | P15: 490746 | Q15: 465627 | R15: 459667 | S15: 439862 | T15: 439862 | U15: =AVERAGE(C15:T15) -> 545710.11
B16: COIL TATA SENTOSA | C16: 1121317 | D16: 1121317 | E16: 1009568 | F16: 978994 | G16: 963990 | H16: 963990 | I16: 963990 | J16: 963990 | K16: 950193 | L16: 950193 | M16: 950193 | N16: 950193 | O16: 950193 | P16: 1033037 | Q16: 1033037 | R16: 1033037 | S16: 1033037 | T16: 1155100 | U16: =AVERAGE(C16:T16) -> 1006964.9
B17: COIL TATALOGAM | C17: 880570.5 | D17: 880570.5 | E17: 585434.5 | F17: 585434.5 | G17: 444824 | H17: 444824 | I17: 444824 | J17: 444824 | K17: 328697 | L17: 328697 | M17: 328697 | N17: 328697 | O17: 296735 | P17: 296735 | Q17: 296735 | R17: 296735 | S17: 296735 | T17: 296735 | U17: =AVERAGE(C17:T17) -> 433694.67
B18: NEXALUME MEDIUM | C18: 723874 | D18: 723874 | E18: 723874 | F18: 681071 | G18: 681071 | H18: 681071 | I18: 681071 | J18: 685065 | K18: 662292 | L18: 662292 | M18: 662292 | N18: 725520 | O18: 725520 | P18: 724944 | Q18: 718188 | R18: 718188 | S18: 718188 | T18: 729785 | U18: =AVERAGE(C18:T18) -> 701565.56
B19: NEXALUME SECOND | C19: 99722 | D19: 99722 | E19: 99722 | F19: 108854 | G19: 108854 | H19: 108854 | I19: 108854 | J19: 95977 | K19: 86158 | L19: 86158 | M19: 86158 | N19: 157126 | O19: 157126 | P19: 163034 | Q19: 158301 | R19: 158301 | S19: 158301 | T19: 165280 | U19: =AVERAGE(C19:T19) -> 122583.44
B20: COIL SLITTING | C20: 1273844 | D20: 1256321 | E20: 1083313 | F20: 1151949 | G20: 1091481 | H20: 1091481 | I20: 1051193 | J20: 855860 | K20: 833142 | L20: 832186 | M20: 784653 | N20: 719143 | O20: 661402 | P20: 644111 | Q20: 963067 | R20: 976634 | S20: 1031777 | T20: 986054 | U20: =AVERAGE(C20:T20) -> 960422.83
B21: PRD | C21: 160610 | D21: 162940 | E21: 252073 | F21: 108925 | G21: 116288 | H21: 117029 | I21: 160517 | J21: 125180 | K21: 111025 | L21: 73669 | M21: 114080 | N21: 92810 | O21: 857862 | P21: 118275 | Q21: 235373 | R21: 219774 | S21: 122762 | T21: 113137 | U21: =AVERAGE(C21:T21) -> 181240.5
B22: QA | C22: 80492 | D22: 108560 | E22: 119877 | F22: 108572 | G22: 133797 | H22: 131253 | I22: 109733 | J22: 63412 | K22: 61307 | L22: 51680 | M22: 55860 | N22: 66564 | O22: 223901 | P22: 196468 | Q22: 137721 | R22: 141878 | S22: 137518 | T22: 148401 | U22: =AVERAGE(C22:T22) -> 115388.56
B23: DOWNGRADE | C23: 220371 | D23: 220371 | E23: 225086 | F23: 225086 | G23: 225086 | H23: 225086 | I23: 225086 | J23: 231302 | K23: 231302 | L23: 231302 | M23: 232281 | N23: 235312 | O23: 235312 | P23: 235312 | Q23: 235312 | R23: 235312 | S23: 235312 | T23: 239029 | U23: =AVERAGE(C23:T23) -> 230181.11
A24: LIMBAH | B24: DROSS | C24: 4538 | D24: 5151 | E24: 5151 | F24: 5151 | G24: 5151 | H24: 0 | I24: 0 | J24: 550 | K24: 3247 | L24: 3247 | M24: 0 | N24: 0 | O24: 0 | P24: 540 | Q24: 1144 | R24: 1144 | S24: 1144 | T24: 1144 | U24: =AVERAGE(C24:T24) -> 2072.3333
B25: PUP COIL | C25: 19627 | D25: 19535 | E25: 19535 | F25: 19535 | G25: 19535 | H25: 19535 | I25: 19535 | J25: 19535 | K25: 19613 | L25: 19613 | M25: 19627 | N25: 19627 | O25: 19627 | P25: 19613 | Q25: 19613 | R25: 19613 | S25: 19613 | T25: 19613 | U25: =AVERAGE(C25:T25) -> 19585.778

Sheet KAPASITAS MAR
A1: CRC - MARET 2026
A2: TGL | B2: STOCK | D2: TOTAL STOCK | E2: KAP | F2: TREND
B3: WH | C3: PRD & QA
A4: 2 | B4: =MAR!C5/1000 -> 1994.535 | C4: =(MAR!C10+MAR!C11)/1000 -> 641.131 | D4: =B4+C4 -> 2635.666 | E4: 6760 | F4: =D4/E4 -> 0.38989142
A5: 3 | B5: =MAR!D5/1000 -> 2459.63 | C5: =(MAR!D10+MAR!D11)/1000 -> 645.46 | D5: =B5+C5 -> 3105.09 | E5: 6760 | F5: =D5/E5 -> 0.45933284
A6: 4 | B6: =MAR!E5/1000 -> 2712.15 | C6: =(MAR!E10+MAR!E11)/1000 -> 290.239 | D6: =B6+C6 -> 3002.389 | E6: 6760 | F6: =D6/E6 -> 0.44414038
A7: 5 | B7: =MAR!F5/1000 -> 2694.98 | C7: =(MAR!F10+MAR!F11)/1000 -> 400.465 | D7: =B7+C7 -> 3095.445 | E7: 6760 | F7: =D7/E7 -> 0.45790607
A8: 6 | B8: =MAR!G5/1000 -> 2093.44 | C8: =(MAR!G10+MAR!G11)/1000 -> 466.829 | D8: =B8+C8 -> 2560.269 | E8: 6760 | F8: =D8/E8 -> 0.37873802
A9: 7 | B9: =MAR!H5/1000 -> 1586.58 | C9: =(MAR!H10+MAR!H11)/1000 -> 602.441 | D9: =B9+C9 -> 2189.021 | E9: 6760 | F9: =D9/E9 -> 0.32381967
A10: 9 | B10: =MAR!I5/1000 -> 1486.86 | C10: =(MAR!I10+MAR!I11)/1000 -> 85.432 | D10: =B10+C10 -> 1572.292 | E10: 6760 | F10: =D10/E10 -> 0.23258757
A11: 10 | B11: =MAR!J5/1000 -> 1604.79 | C11: =(MAR!J10+MAR!J11)/1000 -> 72.674 | D11: =B11+C11 -> 1677.464 | E11: 6760 | F11: =D11/E11 -> 0.24814556
A12: 11 | B12: =MAR!K5/1000 -> 1680.495 | C12: =(MAR!K10+MAR!K11)/1000 -> 72.674 | D12: =B12+C12 -> 1753.169 | E12: 6760 | F12: =D12/E12 -> 0.25934453
A13: 12 | B13: =MAR!L5/1000 -> 2255.16 | C13: =(MAR!L10+MAR!L11)/1000 -> 72.674 | D13: =B13+C13 -> 2327.834 | E13: 6760 | F13: =D13/E13 -> 0.34435414
A14: 13 | B14: =MAR!M5/1000 -> 2255.16 | C14: =(MAR!M10+MAR!M11)/1000 -> 72.674 | D14: =B14+C14 -> 2327.834 | E14: 6760 | F14: =D14/E14 -> 0.34435414
A15: 14 | B15: =MAR!N5/1000 -> 3045.02 | C15: =(MAR!N10+MAR!N11)/1000 -> 421.572 | D15: =B15+C15 -> 3466.592 | E15: 6760 | F15: =D15/E15 -> 0.51280947
A16: 16 | B16: =MAR!O5/1000 -> 1765.585 | C16: =(MAR!O10+MAR!O11)/1000 -> 376.648 | D16: =B16+C16 -> 2142.233 | E16: 6760 | F16: =D16/E16 -> 0.31689837
A17: 17 | B17: =MAR!P5/1000 -> 1328.52 | C17: =(MAR!P10+MAR!P11)/1000 -> 211.125 | D17: =B17+C17 -> 1539.645 | E17: 6760 | F17: =D17/E17 -> 0.22775814
A18: 18 | B18: =466460/1000 -> 466.46 | C18: =(MAR!Q10+MAR!Q11)/1000 -> 80.318 | D18: =B18+C18 -> 546.778 | E18: 6760 | F18: =D18/E18 -> 0.08088432
A19: 28 | B19: =MAR!R5/1000 -> 629.095 | C19: =(MAR!R10+MAR!R11)/1000 -> 76.278 | D19: =B19+C19 -> 705.373 | E19: 6760 | F19: =D19/E19 -> 0.10434512 | H19: PERHITUNGAN KAPASITAS : RATA-RATA BERAT PER COIL 20 TON
A20: 30 | B20: =MAR!S5/1000 -> 843.255 | C20: =(MAR!S10+MAR!S11)/1000 -> 79.115 | D20: =B20+C20 -> 922.37 | E20: 6760 | F20: =D20/E20 -> 0.13644527 | H20: Kapasitas | J20: 6760 | K20: Ton
A21: 31 | B21: =MAR!T5/1000 -> 1632.645 | C21: =(MAR!T10+MAR!T11)/1000 -> 151.893 | D21: =B21+C21 -> 1784.538 | E21: 6760 | F21: =D21/E21 -> 0.26398491 | H21: Posisi Stock 31 Mar 26 | J21: 1785 | K21: Ton
A22: AVERAGE | B22: =AVERAGE(B4:B21) -> 1807.4644 | C22: =AVERAGE(C4:C21) -> 267.75789 | D22: =AVERAGE(D4:D21) -> 2075.2223 | E22: =AVERAGE(E4:E21) -> 6760 | F22: =AVERAGE(F4:F21) -> 0.30698555 | H22: Kapasitas (%) | J22: =J21/J20 -> 0.26405325 | K22: Ton
A23: Stock tertinggi | B23: =MAX(B4:B21) -> 3045.02 | C23: =MAX(C4:C21) -> 645.46 | D23: =MAX(D4:D21) -> 3466.592 | E23: 6760 | F23: =D23/E23 -> 0.51280947 | H23: Kapasitas tersisa | J23: =100%-J22 -> 0.73594675 | K23: Ton
A26: BARANG JADI MARET 2026
A27: TGL | B27: STOCK | D27: TOTAL STOCK | E27: KAP | F27: TREND
B28: WH | C28: PRD & QA
A29: 2 | B29: =(MAR!C12+MAR!C13+MAR!C14+MAR!C15+MAR!C16+MAR!C17+MAR!C18+MAR!C19+MAR!C20+MAR!C23)/1000 -> 6752.0595 | C29: =(MAR!C21+MAR!C22)/1000 -> 241.102 | D29: =B29+C29 -> 6993.1615 | E29: 12000 | F29: =D29/E29 -> 0.58276346
A30: 3 | B30: =(MAR!D12+MAR!D13+MAR!D14+MAR!D15+MAR!D16+MAR!D17+MAR!D18+MAR!D19+MAR!D20+MAR!D23)/1000 -> 6952.8305 | C30: =(MAR!D21+MAR!D22)/1000 -> 271.5 | D30: =B30+C30 -> 7224.3305 | E30: 12000 | F30: =D30/E30 -> 0.60202754
A31: 4 | B31: =(MAR!E12+MAR!E13+MAR!E14+MAR!E15+MAR!E16+MAR!E17+MAR!E18+MAR!E19+MAR!E20+MAR!E23)/1000 -> 6205.7035 | C31: =(MAR!E21+MAR!E22)/1000 -> 371.95 | D31: =B31+C31 -> 6577.6535 | E31: 12000 | F31: =D31/E31 -> 0.54813779
A32: 5 | B32: =(MAR!F12+MAR!F13+MAR!F14+MAR!F15+MAR!F16+MAR!F17+MAR!F18+MAR!F19+MAR!F20+MAR!F23)/1000 -> 5982.4615 | C32: =(MAR!F21+MAR!F22)/1000 -> 217.497 | D32: =B32+C32 -> 6199.9585 | E32: 12000 | F32: =D32/E32 -> 0.51666321
A33: 6 | B33: =(MAR!G12+MAR!G13+MAR!G14+MAR!G15+MAR!G16+MAR!G17+MAR!G18+MAR!G19+MAR!G20+MAR!G23)/1000 -> 6007.512 | C33: =(MAR!G21+MAR!G22)/1000 -> 250.085 | D33: =B33+C33 -> 6257.597 | E33: 12000 | F33: =D33/E33 -> 0.52146642
A34: 7 | B34: =(MAR!H12+MAR!H13+MAR!H14+MAR!H15+MAR!H16+MAR!H17+MAR!H18+MAR!H19+MAR!H20+MAR!H23)/1000 -> 6272.337 | C34: =(MAR!H21+MAR!H22)/1000 -> 248.282 | D34: =B34+C34 -> 6520.619 | E34: 12000 | F34: =D34/E34 -> 0.54338492
A35: 9 | B35: =(MAR!I12+MAR!I13+MAR!I14+MAR!I15+MAR!I16+MAR!I17+MAR!I18+MAR!I19+MAR!I20+MAR!I23)/1000 -> 6741.508 | C35: =(MAR!I21+MAR!I22)/1000 -> 270.25 | D35: =B35+C35 -> 7011.758 | E35: 12000 | F35: =D35/E35 -> 0.58431317
A36: 10 | B36: =(MAR!J12+MAR!J13+MAR!J14+MAR!J15+MAR!J16+MAR!J17+MAR!J18+MAR!J19+MAR!J20+MAR!J23)/1000 -> 6407.954 | C36: =(MAR!J21+MAR!J22)/1000 -> 188.592 | D36: =B36+C36 -> 6596.546 | E36: 12000 | F36: =D36/E36 -> 0.54971217
A37: 11 | B37: =(MAR!K12+MAR!K13+MAR!K14+MAR!K15+MAR!K16+MAR!K17+MAR!K18+MAR!K19+MAR!K20+MAR!K23)/1000 -> 6283.798 | C37: =(MAR!K21+MAR!K22)/1000 -> 172.332 | D37: =B37+C37 -> 6456.13 | E37: 12000 | F37: =D37/E37 -> 0.53801083
A38: 12 | B38: =(MAR!L12+MAR!L13+MAR!L14+MAR!L15+MAR!L16+MAR!L17+MAR!L18+MAR!L19+MAR!L20+MAR!L23)/1000 -> 6011.785 | C38: =(MAR!L21+MAR!L22)/1000 -> 125.349 | D38: =B38+C38 -> 6137.134 | E38: 12000 | F38: =D38/E38 -> 0.51142783
A39: 13 | B39: =(MAR!M12+MAR!M13+MAR!M14+MAR!M15+MAR!M16+MAR!M17+MAR!M18+MAR!M19+MAR!M20+MAR!M23)/1000 -> 5794.071 | C39: =(MAR!M21+MAR!M22)/1000 -> 169.94 | D39: =B39+C39 -> 5964.011 | E39: 12000 | F39: =D39/E39 -> 0.49700092
A40: 14 | B40: =(MAR!N12+MAR!N13+MAR!N14+MAR!N15+MAR!N16+MAR!N17+MAR!N18+MAR!N19+MAR!N20+MAR!N23)/1000 -> 5919.513 | C40: =(MAR!N21+MAR!N22)/1000 -> 159.374 | D40: =B40+C40 -> 6078.887 | E40: 12000 | F40: =D40/E40 -> 0.50657392
A41: 16 | B41: =(MAR!O12+MAR!O13+MAR!O14+MAR!O15+MAR!O16+MAR!O17+MAR!O18+MAR!O19+MAR!O20+MAR!O23)/1000 -> 6394.127 | C41: =(MAR!O21+MAR!O22)/1000 -> 1081.763 | D41: =B41+C41 -> 7475.89 | E41: 12000 | F41: =D41/E41 -> 0.62299083
A42: 17 | B42: =(MAR!P12+MAR!P13+MAR!P14+MAR!P15+MAR!P16+MAR!P17+MAR!P18+MAR!P19+MAR!P20+MAR!P23)/1000 -> 6811.583 | C42: =(MAR!P21+MAR!P22)/1000 -> 314.743 | D42: =B42+C42 -> 7126.326 | E42: 12000 | F42: =D42/E42 -> 0.5938605
A43: 18 | B43: =(MAR!Q12+MAR!Q13+MAR!Q14+MAR!Q15+MAR!Q16+MAR!Q17+MAR!Q18+MAR!Q19+MAR!Q20+MAR!Q23)/1000 -> 8313.446 | C43: =(MAR!Q21+MAR!Q22)/1000 -> 373.094 | D43: =B43+C43 -> 8686.54 | E43: 12000 | F43: =D43/E43 -> 0.72387833
A44: 28 | B44: =(MAR!R12+MAR!R13+MAR!R14+MAR!R15+MAR!R16+MAR!R17+MAR!R18+MAR!R19+MAR!R20+MAR!R23)/1000 -> 8242.193 | C44: =(MAR!R21+MAR!R22)/1000 -> 361.652 | D44: =B44+C44 -> 8603.845 | E44: 12000 | F44: =D44/E44 -> 0.71698708
A45: 30 | B45: =(MAR!S12+MAR!S13+MAR!S14+MAR!S15+MAR!S16+MAR!S17+MAR!S18+MAR!S19+MAR!S20+MAR!S23)/1000 -> 7792.053 | C45: =(MAR!S21+MAR!S22)/1000 -> 260.28 | D45: =B45+C45 -> 8052.333 | E45: 12000 | F45: =D45/E45 -> 0.67102775
A46: 31 | B46: =(MAR!T12+MAR!T13+MAR!T14+MAR!T15+MAR!T16+MAR!T17+MAR!T18+MAR!T19+MAR!T20+MAR!T23)/1000 -> 6413.577 | C46: =(MAR!T21+MAR!T22)/1000 -> 261.538 | D46: =B46+C46 -> 6675.115 | E46: 12000 | F46: =D46/E46 -> 0.55625958
B47: =AVERAGE(B29:B46) -> 6627.6951 | C47: =AVERAGE(C29:C46) -> 296.62906 | D47: =AVERAGE(D29:D46) -> 6924.3242 | E47: =AVERAGE(E29:E46) -> 12000 | F47: =AVERAGE(F29:F46) -> 0.57702701 | H47: PERHITUNGAN KAPASITAS : RATA-RATA BERAT PER COIL 5 TON
A48: Stock tertinggi | B48: =MAX(B29:B46) -> 8313.446 | C48: =MAX(C29:C46) -> 1081.763 | D48: =MAX(D29:D46) -> 8686.54 | E48: 12000 | F48: =D48/E48 -> 0.72387833 | H48: COIL PRIME, MEDIUM , SECOND
H49: Kapasitas | J49: 12000 | K49: Ton
H50: Posisi Stock 31 Mar 26 | J50: 6675 | K50: Ton
H51: Kapasitas (%) | J51: =J50/J49 -> 0.55625 | K51: Ton
H52: Kapasitas tersisa | J52: =100%-J51 -> 0.44375 | K52: Ton

Sheet APR
A1: POSISI STOCK TML APRIL 2026 ( KG )
A3: STOCK | C3: 1 | D3: 2 | E3: 4 | F3: 6 | G3: 7 | H3: 8 | I3: 9 | J3: 10 | K3: 11 | L3: 13 | M3: 14 | N3: 15 | O3: 16 | P3: 17 | Q3: 18 | R3: 20 | S3: 21 | T3: 22 | U3: 23 | V3: 24 | W3: 25 | X3: 27 | Y3: 28 | Z3: 29 | AA3: 30 | AB3: AVERAGE
A5: BAHAN BAKU | B5: CRC | C5: 2700385 | D5: 1388650 | E5: 2168631 | F5: 2125800 | G5: 1669340 | H5: 1922015 | I5: 2315645 | J5: 1952395 | K5: 1827725 | L5: 2718935 | M5: 2014530 | N5: 1730515 | O5: 1782540 | P5: 2006415 | Q5: 2099420 | R5: 1795620 | S5: 1749745 | T5: 1633073 | U5: 3428473 | V5: 2921425 | W5: 3104900 | X5: 2876865 | Y5: 2674855 | Z5: 2142190 | AA5: 3288410 | AB5: =AVERAGE(C5:AA5) -> 2241539.9
B6: ALLUMUNIUM | C6: 321492 | D6: 307372 | E6: 284844 | F6: 266540 | G6: 255276 | H6: 255276 | I6: 232776 | J6: 220096 | K6: 245233 | L6: 225513 | M6: 505835 | N6: 500199 | O6: 500199 | P6: 488907 | Q6: 479057 | R6: 457989 | S6: 445299 | T6: 431191 | U6: 422733 | V6: 414277 | W6: 404397 | X6: 380391 | Y6: 364901 | Z6: 357897 | AA6: 342417 | AB6: =AVERAGE(C6:AA6) -> 364404.28
B7: ZINC | C7: 494284 | D7: 483235 | E7: 472173 | F7: 454473 | G7: 446722 | H7: 446722 | I7: 431264 | J7: 426842 | K7: 413586 | L7: 403631 | M7: 396997 | N7: 390359 | O7: 390359 | P7: 385932 | Q7: 375971 | R7: 367130 | S7: 360513 | T7: 349437 | U7: 494953 | V7: 488326 | W7: 481699 | X7: 542516 | Y7: 533676 | Z7: 527039 | AA7: 515966 | AB7: =AVERAGE(C7:AA7) -> 442952.2
B8: ALKALI | C8: 6000 | D8: 3600 | E8: 3600 | F8: 3600 | G8: 3600 | H8: 3600 | I8: 4800 | J8: 4800 | K8: 4800 | L8: 4800 | M8: 2400 | N8: 390359 | O8: 2400 | P8: 2400 | Q8: 2400 | R8: 2400 | S8: 2400 | T8: 2400 | U8: 3600 | V8: 3600 | W8: 3600 | X8: 3600 | Y8: 7200 | Z8: 7200 | AA8: 3600 | AB8: =AVERAGE(C8:AA8) -> 19310.36
B9: RESIN | C9: 32238 | D9: 32088 | E9: 28088 | F9: 23088 | G9: 20488 | H9: 20488 | I9: 19488 | J9: 16270 | K9: 16120 | L9: 8120 | M9: 8120 | N9: 8120 | O9: 18120 | P9: 18120 | Q9: 12820 | R9: 12820 | S9: 9370 | T9: 8130 | U9: 15130 | V9: 15130 | W9: 12130 | X9: 9010 | Y9: 23010 | Z9: 21010 | AA9: 20010 | AB9: =AVERAGE(C9:AA9) -> 17101.04
B10: PRD | C10: 239141 | D10: 228767 | E10: 161813 | F10: 277723 | G10: 262261 | H10: 243208 | I10: 252258 | J10: 268241 | K10: 217713 | L10: 287083 | M10: 110343 | N10: 285199 | O10: 284522 | P10: 395094 | Q10: 313944 | R10: 303136 | S10: 441327 | T10: 506473 | U10: 354481 | V10: 351643 | W10: 380227 | X10: 382478 | Y10: 264063 | Z10: 319293 | AA10: 322992 | AB10: =AVERAGE(C10:AA10) -> 298136.92
B11: QA | C11: 25753 | D11: 17605 | E11: 15435 | F11: 15435 | G11: 15435 | H11: 31965 | I11: 295 | J11: 295 | K11: 770 | L11: 770 | M11: 770 | N11: 770 | O11: 770 | P11: 770 | Q11: 21090 | R11: 37940 | S11: 37940 | T11: 94420 | U11: 74100 | V11: 155450 | W11: 248610 | X11: 219890 | Y11: 219890 | Z11: 219890 | AA11: 219890 | AB11: =AVERAGE(C11:AA11) -> 67037.92
A12: BARANG JADI | B12: NEXALUME PRIME | C12: 2246144 | D12: 2623723 | E12: 2541392 | F12: 3606571 | G12: 3310859 | H12: 3102402 | I12: 3095317 | J12: 3658549 | K12: 3551964 | L12: 3975457 | M12: 3423923 | N12: 2949266 | O12: 2476209 | P12: 2005151 | Q12: 1804009 | R12: 2643449 | S12: 2664620 | T12: 2453160 | U12: 2451048 | V12: 2417047 | W12: 2672659 | X12: 2351438 | Y12: 2284109 | Z12: 2008945 | AA12: 1818462 | AB12: =AVERAGE(C12:AA12) -> 2725434.9
B13: TATALUME PRIME | C13: 259676 | D13: 259676 | E13: 275960 | F13: 275960 | G13: 259676 | H13: 264248 | I13: 279992 | J13: 240019 | K13: 283511 | L13: 278094 | M13: 345302 | N13: 331315 | O13: 318870 | P13: 209172 | Q13: 233650 | R13: 382141 | S13: 361936 | T13: 327603 | U13: 347279 | V13: 367925 | W13: 386935 | X13: 497582 | Y13: 497582 | Z13: 477486 | AA13: 445587 | AB13: =AVERAGE(C13:AA13) -> 328287.08
B14: NEXCOLOR PRIME | C14: 21353 | D14: 51691 | E14: 51691 | F14: 51709 | G14: 51709 | H14: 80818 | I14: 80818 | J14: 80818 | K14: 80818 | L14: 80818 | M14: 80818 | N14: 50629 | O14: 50629 | P14: 50629 | Q14: 50629 | R14: 50629 | S14: 50629 | T14: 50629 | U14: 50629 | V14: 47990 | W14: 47990 | X14: 47990 | Y14: 67362 | Z14: 67362 | AA14: 63001 | AB14: =AVERAGE(C14:AA14) -> 58391.52
B15: NEXIUM PRIME | C15: 418066 | D15: 389799 | E15: 389799 | F15: 389799 | G15: 358620 | H15: 358620 | I15: 371255 | J15: 375252 | K15: 374777 | L15: 374777 | M15: 386776 | N15: 380808 | O15: 380808 | P15: 380808 | Q15: 380808 | R15: 380808 | S15: 380715 | T15: 380715 | U15: 375393 | V15: 375393 | W15: 360880 | X15: 360880 | Y15: 360880 | Z15: 336947 | AA15: 334252 | AB15: =AVERAGE(C15:AA15) -> 374305.4
B16: COIL TATA SENTOSA | C16: 961087 | D16: 1079289 | E16: 1079289 | F16: 1079289 | G16: 1079289 | H16: 1274649 | I16: 1274649 | J16: 1387406 | K16: 1387406 | L16: 1387406 | M16: 1372881 | N16: 1372881 | O16: 1372881 | P16: 1372881 | Q16: 1372881 | R16: 1372881 | S16: 1372881 | T16: 1372881 | U16: 1358450 | V16: 1358450 | W16: 1515741 | X16: 1515741 | Y16: 1482803 | Z16: 1482803 | AA16: 1482803 | AB16: =AVERAGE(C16:AA16) -> 1326783.9
B17: COIL TATALOGAM | C17: 1736419 | D17: 1495946 | E17: 1495946 | F17: 1495946 | G17: 1495946 | H17: 1495946 | I17: 1495946 | J17: 844413 | K17: 844413 | L17: 812219 | M17: 866362 | N17: 866362 | O17: 829094 | P17: 829094 | Q17: 719878 | R17: 719878 | S17: 719878 | T17: 719878 | U17: 719878 | V17: 952060 | W17: 1221171 | X17: 1473455 | Y17: 1473455 | Z17: 1473455 | AA17: 1473455 | AB17: =AVERAGE(C17:AA17) -> 1130819.7
B18: NEXALUME MEDIUM | C18: 729785 | D18: 729785 | E18: 729785 | F18: 729785 | G18: 725785 | H18: 725785 | I18: 729195 | J18: 729195 | K18: 729195 | L18: 729195 | M18: 723781 | N18: 723781 | O18: 723781 | P18: 723781 | Q18: 723781 | R18: 723781 | S18: 723781 | T18: 723781 | U18: 767840 | V18: 767840 | W18: 763550 | X18: 763550 | Y18: 763550 | Z18: 763550 | AA18: 730319 | AB18: =AVERAGE(C18:AA18) -> 735917.48
B19: NEXALUME SECOND | C19: 165280 | D19: 165280 | E19: 165280 | F19: 165280 | G19: 176102 | H19: 176102 | I19: 176102 | J19: 176102 | K19: 176102 | L19: 176102 | M19: 159344 | N19: 159344 | O19: 159344 | P19: 159344 | Q19: 159344 | R19: 159344 | S19: 159344 | T19: 159344 | U19: 209072 | V19: 209072 | W19: 212073 | X19: 212073 | Y19: 212073 | Z19: 212073 | AA19: 204364 | AB19: =AVERAGE(C19:AA19) -> 178531.36
B20: COIL SLITTING | C20: 872707 | D20: 834350 | E20: 939203 | F20: 938723 | G20: 1026200 | H20: 1127482 | I20: 1244352 | J20: 1358141 | K20: 1547541 | L20: 1549139 | M20: 1665836 | N20: 1758332 | O20: 1889970 | P20: 1821315 | Q20: 1836375 | R20: 1905626 | S20: 1935575 | T20: 1942841 | U20: 1933516 | V20: 2035385 | W20: 2012355 | X20: 1866759 | Y20: 1823578 | Z20: 1716921 | AA20: 1555580 | AB20: =AVERAGE(C20:AA20) -> 1565512.1
B21: PRD | C21: 276649 | D21: 314578 | E21: 512238 | F21: 736888 | G21: 762318 | H21: 990659 | I21: 768186 | J21: 619963 | K21: 623581 | L21: 1080788 | M21: 1088320 | N21: 855849 | O21: 613124 | P21: 518214 | Q21: 550454 | R21: 507530 | S21: 362250 | T21: 454475 | U21: 567438 | V21: 552398 | W21: 395911 | X21: 1216499 | Y21: 1327902 | Z21: 1372866 | AA21: 1278609 | AB21: =AVERAGE(C21:AA21) -> 733907.48
B22: QA | C22: 126717 | D22: 150161 | E22: 146538 | F22: 128105 | G22: 132543 | H22: 196828 | I22: 125398 | J22: 123974 | K22: 121693 | L22: 121627 | M22: 110518 | N22: 87845 | O22: 87845 | P22: 87405 | Q22: 97670 | R22: 105727 | S22: 102223 | T22: 111180 | U22: 89845 | V22: 103675 | W22: 103675 | X22: 107484 | Y22: 112610 | Z22: 104167 | AA22: 128222 | AB22: =AVERAGE(C22:AA22) -> 116547
B23: DOWNGRADE | C23: 239029 | D23: 239029 | E23: 244283 | F23: 246771 | G23: 249345 | H23: 249747 | I23: 249747 | J23: 249747 | K23: 249747 | L23: 249747 | M23: 250370 | N23: 250370 | O23: 250370 | P23: 253262 | Q23: 253262 | R23: 256814 | S23: 256814 | T23: 256814 | U23: 256854 | V23: 256854 | W23: 256854 | X23: 260669 | Y23: 260669 | Z23: 260669 | AA23: 260669 | AB23: =AVERAGE(C23:AA23) -> 252340.24
A24: LIMBAH | B24: DROSS | C24: 1144 | D24: 1728 | E24: 1728 | F24: 2296.5 | G24: 2846 | H24: 2846 | I24: 2846 | J24: 3512 | K24: 3512 | L24: 4187 | M24: 5039 | N24: 5039 | O24: 5039 | P24: 1670.5 | Q24: 1670.5 | R24: 2821 | S24: 2821 | T24: 3405.5 | U24: 3405.5 | V24: 3405.5 | W24: 3676.5 | X24: 3676.5 | Y24: 4940 | Z24: 5565 | AA24: 5565 | AB24: =AVERAGE(C24:AA24) -> 3375.4
B25: PUP COIL | C25: 19613 | D25: 19613 | E25: 19613 | F25: 19613 | G25: 19613 | H25: 21783 | I25: 21783 | J25: 21783 | K25: 21783 | L25: 21783 | M25: 21783 | N25: 21783 | O25: 21783 | P25: 21783 | Q25: 21783 | R25: 21783 | S25: 21783 | T25: 21783 | U25: 21783 | V25: 21783 | W25: 21783 | X25: 21783 | Y25: 21783 | Z25: 21783 | AA25: 21783 | AB25: =AVERAGE(C25:AA25) -> 21349

Sheet KAPASITAS APR
A1: CRC - APRIL 2026
A2: TGL | B2: STOCK | D2: TOTAL STOCK | E2: KAP | F2: TREND
B3: WH | C3: PRD & QA
A4: 1 | B4: =APR!C5/1000 -> 2700.385 | C4: =(APR!C10+APR!C11)/1000 -> 264.894 | D4: =B4+C4 -> 2965.279 | E4: 6760 | F4: =D4/E4 -> 0.43865074
A5: 2 | B5: =APR!D5/1000 -> 1388.65 | C5: =(APR!D10+APR!D11)/1000 -> 246.372 | D5: =B5+C5 -> 1635.022 | E5: 6760 | F5: =D5/E5 -> 0.24186716
A6: 4 | B6: =APR!E5/1000 -> 2168.631 | C6: =(APR!E10+APR!E11)/1000 -> 177.248 | D6: =B6+C6 -> 2345.879 | E6: 6760 | F6: =D6/E6 -> 0.34702352
A7: 6 | B7: =APR!F5/1000 -> 2125.8 | C7: =(APR!F10+APR!F11)/1000 -> 293.158 | D7: =B7+C7 -> 2418.958 | E7: 6760 | F7: =D7/E7 -> 0.35783402
A8: 7 | B8: =APR!G5/1000 -> 1669.34 | C8: =(APR!G10+APR!G11)/1000 -> 277.696 | D8: =B8+C8 -> 1947.036 | E8: 6760 | F8: =D8/E8 -> 0.28802308
A9: 8 | B9: =APR!H5/1000 -> 1922.015 | C9: =(APR!H10+APR!H11)/1000 -> 275.173 | D9: =B9+C9 -> 2197.188 | E9: 6760 | F9: =D9/E9 -> 0.32502781
A10: 9 | B10: =APR!I5/1000 -> 2315.645 | C10: =(APR!I10+APR!I11)/1000 -> 252.553 | D10: =B10+C10 -> 2568.198 | E10: 6760 | F10: =D10/E10 -> 0.37991095
A11: 10 | B11: =APR!J5/1000 -> 1952.395 | C11: =(APR!J10+APR!J11)/1000 -> 268.536 | D11: =B11+C11 -> 2220.931 | E11: 6760 | F11: =D11/E11 -> 0.32854009
A12: 11 | B12: =APR!K5/1000 -> 1827.725 | C12: =(APR!K10+APR!K11)/1000 -> 218.483 | D12: =B12+C12 -> 2046.208 | E12: 6760 | F12: =D12/E12 -> 0.30269349
A13: 13 | B13: =APR!L5/1000 -> 2718.935 | C13: =(APR!L10+APR!L11)/1000 -> 287.853 | D13: =B13+C13 -> 3006.788 | E13: 6760 | F13: =D13/E13 -> 0.44479112
A14: 14 | B14: =APR!M5/1000 -> 2014.53 | C14: =(APR!M10+APR!M11)/1000 -> 111.113 | D14: =B14+C14 -> 2125.643 | E14: 6760 | F14: =D14/E14 -> 0.31444423
A15: 15 | B15: =APR!N5/1000 -> 1730.515 | C15: =(APR!N10+APR!N11)/1000 -> 285.969 | D15: =B15+C15 -> 2016.484 | E15: 6760 | F15: =D15/E15 -> 0.29829645
A16: 16 | B16: =APR!O5/1000 -> 1782.54 | C16: =(APR!O10+APR!O11)/1000 -> 285.292 | D16: =B16+C16 -> 2067.832 | E16: 6760 | F16: =D16/E16 -> 0.30589231
A17: 17 | B17: =APR!P5/1000 -> 2006.415 | C17: =(APR!P10+APR!P11)/1000 -> 395.864 | D17: =B17+C17 -> 2402.279 | E17: 6760 | F17: =D17/E17 -> 0.35536672
A18: 18 | B18: =APR!Q5/1000 -> 2099.42 | C18: =(APR!Q10+APR!Q11)/1000 -> 335.034 | D18: =B18+C18 -> 2434.454 | E18: 6760 | F18: =D18/E18 -> 0.36012633
A19: 20 | B19: =APR!R5/1000 -> 1795.62 | C19: =(APR!R10+APR!R11)/1000 -> 341.076 | D19: =B19+C19 -> 2136.696 | E19: 6760 | F19: =D19/E19 -> 0.31607929 | H19: PERHITUNGAN KAPASITAS : RATA-RATA BERAT PER COIL 20 TON
A20: 21 | B20: =APR!S5/1000 -> 1749.745 | C20: =(APR!S10+APR!S11)/1000 -> 479.267 | D20: =B20+C20 -> 2229.012 | E20: 6760 | F20: =D20/E20 -> 0.3297355 | H20: Kapasitas | J20: 6760 | K20: Ton
A21: 22 | B21: =APR!T5/1000 -> 1633.073 | C21: =(APR!T10+APR!T11)/1000 -> 600.893 | D21: =B21+C21 -> 2233.966 | E21: 6760 | F21: =D21/E21 -> 0.33046834 | H21: Posisi Stock 30 APR 26 | J21: 3831 | K21: Ton
A22: 23 | B22: =APR!U5/1000 -> 3428.473 | C22: =(APR!U10+APR!U11)/1000 -> 428.581 | D22: =B22+C22 -> 3857.054 | E22: 6760 | F22: =D22/E22 -> 0.57057012 | H22: Kapasitas (%) | J22: =J21/J20 -> 0.56671598 | K22: Ton
A23: 24 | B23: =APR!V5/1000 -> 2921.425 | C23: =(APR!V10+APR!V11)/1000 -> 507.093 | D23: =B23+C23 -> 3428.518 | E23: 6760 | F23: =D23/E23 -> 0.50717722 | H23: Kapasitas tersisa | J23: =100%-J22 -> 0.43328402 | K23: Ton
A24: 25 | B24: =APR!W5/1000 -> 3104.9 | C24: =(APR!W10+APR!W11)/1000 -> 628.837 | D24: =B24+C24 -> 3733.737 | E24: 6760 | F24: =D24/E24 -> 0.55232796
A25: 27 | B25: =APR!X5/1000 -> 2876.865 | C25: =(APR!X10+APR!X11)/1000 -> 602.368 | D25: =B25+C25 -> 3479.233 | E25: 6760 | F25: =D25/E25 -> 0.51467944
A26: 28 | B26: =APR!Y5/1000 -> 2674.855 | C26: =(APR!Y10+APR!Y11)/1000 -> 483.953 | D26: =B26+C26 -> 3158.808 | E26: 6760 | F26: =D26/E26 -> 0.46727929
A27: 29 | B27: =APR!Z5/1000 -> 2142.19 | C27: =(APR!Z10+APR!Z11)/1000 -> 539.183 | D27: =B27+C27 -> 2681.373 | E27: 6760 | F27: =D27/E27 -> 0.39665281
A28: 30 | B28: =APR!AA5/1000 -> 3288.41 | C28: =(APR!AA10+APR!AA11)/1000 -> 542.882 | D28: =B28+C28 -> 3831.292 | E28: 6760 | F28: =D28/E28 -> 0.56675917
A29: AVERAGE | B29: =AVERAGE(B4:B28) -> 2241.5399 | C29: =AVERAGE(C4:C28) -> 365.17484 | D29: =AVERAGE(D4:D28) -> 2606.7147 | E29: =AVERAGE(E4:E28) -> 6760 | F29: =AVERAGE(F4:F28) -> 0.38560869
A30: Stock tertinggi | B30: =MAX(B4:B28) -> 3428.473 | C30: =MAX(C4:C28) -> 628.837 | D30: =MAX(D4:D28) -> 3857.054 | E30: 6760 | F30: =D30/E30 -> 0.57057012
A33: BARANG JADI APRIL 2026
A34: TGL | B34: STOCK | D34: TOTAL STOCK | E34: KAP | F34: TREND
B35: WH | C35: PRD & QA
A36: 1 | B36: =(APR!C12+APR!C13+APR!C14+APR!C15+APR!C16+APR!C17+APR!C18+APR!C19+APR!C20+APR!C23)/1000 -> 7649.546 | C36: =(APR!C21+APR!C22)/1000 -> 403.366 | D36: =B36+C36 -> 8052.912 | E36: 12000 | F36: =D36/E36 -> 0.671076
A37: 2 | B37: =(APR!D12+APR!D13+APR!D14+APR!D15+APR!D16+APR!D17+APR!D18+APR!D19+APR!D20+APR!D23)/1000 -> 7868.568 | C37: =(APR!D21+APR!D22)/1000 -> 464.739 | D37: =B37+C37 -> 8333.307 | E37: 12000 | F37: =D37/E37 -> 0.69444225
A38: 4 | B38: =(APR!E12+APR!E13+APR!E14+APR!E15+APR!E16+APR!E17+APR!E18+APR!E19+APR!E20+APR!E23)/1000 -> 7912.628 | C38: =(APR!E21+APR!E22)/1000 -> 658.776 | D38: =B38+C38 -> 8571.404 | E38: 12000 | F38: =D38/E38 -> 0.71428367
A39: 6 | B39: =(APR!F12+APR!F13+APR!F14+APR!F15+APR!F16+APR!F17+APR!F18+APR!F19+APR!F20+APR!F23)/1000 -> 8979.833 | C39: =(APR!F21+APR!F22)/1000 -> 864.993 | D39: =B39+C39 -> 9844.826 | E39: 12000 | F39: =D39/E39 -> 0.82040217
A40: 7 | B40: =(APR!G12+APR!G13+APR!G14+APR!G15+APR!G16+APR!G17+APR!G18+APR!G19+APR!G20+APR!G23)/1000 -> 8733.531 | C40: =(APR!G21+APR!G22)/1000 -> 894.861 | D40: =B40+C40 -> 9628.392 | E40: 12000 | F40: =D40/E40 -> 0.802366
A41: 8 | B41: =(APR!H12+APR!H13+APR!H14+APR!H15+APR!H16+APR!H17+APR!H18+APR!H19+APR!H20+APR!H23)/1000 -> 8855.799 | C41: =(APR!H21+APR!H22)/1000 -> 1187.487 | D41: =B41+C41 -> 10043.286 | E41: 12000 | F41: =D41/E41 -> 0.8369405
A42: 9 | B42: =(APR!I12+APR!I13+APR!I14+APR!I15+APR!I16+APR!I17+APR!I18+APR!I19+APR!I20+APR!I23)/1000 -> 8997.373 | C42: =(APR!I21+APR!I22)/1000 -> 893.584 | D42: =B42+C42 -> 9890.957 | E42: 12000 | F42: =D42/E42 -> 0.82424642
A43: 10 | B43: =(APR!J12+APR!J13+APR!J14+APR!J15+APR!J16+APR!J17+APR!J18+APR!J19+APR!J20+APR!J23)/1000 -> 9099.642 | C43: =(APR!J21+APR!J22)/1000 -> 743.937 | D43: =B43+C43 -> 9843.579 | E43: 12000 | F43: =D43/E43 -> 0.82029825
A44: 11 | B44: =(APR!K12+APR!K13+APR!K14+APR!K15+APR!K16+APR!K17+APR!K18+APR!K19+APR!K20+APR!K23)/1000 -> 9225.474 | C44: =(APR!K21+APR!K22)/1000 -> 745.274 | D44: =B44+C44 -> 9970.748 | E44: 12000 | F44: =D44/E44 -> 0.83089567
A45: 13 | B45: =(APR!L12+APR!L13+APR!L14+APR!L15+APR!L16+APR!L17+APR!L18+APR!L19+APR!L20+APR!L23)/1000 -> 9612.954 | C45: =(APR!L21+APR!L22)/1000 -> 1202.415 | D45: =B45+C45 -> 10815.369 | E45: 12000 | F45: =D45/E45 -> 0.90128075
A46: 14 | B46: =(APR!M12+APR!M13+APR!M14+APR!M15+APR!M16+APR!M17+APR!M18+APR!M19+APR!M20+APR!M23)/1000 -> 9275.393 | C46: =(APR!M21+APR!M22)/1000 -> 1198.838 | D46: =B46+C46 -> 10474.231 | E46: 12000 | F46: =D46/E46 -> 0.87285258
A47: 15 | B47: =(APR!N12+APR!N13+APR!N14+APR!N15+APR!N16+APR!N17+APR!N18+APR!N19+APR!N20+APR!N23)/1000 -> 8843.088 | C47: =(APR!N21+APR!N22)/1000 -> 943.694 | D47: =B47+C47 -> 9786.782 | E47: 12000 | F47: =D47/E47 -> 0.81556517
A48: 16 | B48: =(APR!O12+APR!O13+APR!O14+APR!O15+APR!O16+APR!O17+APR!O18+APR!O19+APR!O20+APR!O23)/1000 -> 8451.956 | C48: =(APR!O21+APR!O22)/1000 -> 700.969 | D48: =B48+C48 -> 9152.925 | E48: 12000 | F48: =D48/E48 -> 0.76274375
A49: 17 | B49: =(APR!P12+APR!P13+APR!P14+APR!P15+APR!P16+APR!P17+APR!P18+APR!P19+APR!P20+APR!P23)/1000 -> 7805.437 | C49: =(APR!P21+APR!P22)/1000 -> 605.619 | D49: =B49+C49 -> 8411.056 | E49: 12000 | F49: =D49/E49 -> 0.70092133
A50: 18 | B50: =(APR!Q12+APR!Q13+APR!Q14+APR!Q15+APR!Q16+APR!Q17+APR!Q18+APR!Q19+APR!Q20+APR!Q23)/1000 -> 7534.617 | C50: =(APR!Q21+APR!Q22)/1000 -> 648.124 | D50: =B50+C50 -> 8182.741 | E50: 12000 | F50: =D50/E50 -> 0.68189508
A51: 20 | B51: =(APR!R12+APR!R13+APR!R14+APR!R15+APR!R16+APR!R17+APR!R18+APR!R19+APR!R20+APR!R23)/1000 -> 8595.351 | C51: =(APR!R21+APR!R22)/1000 -> 613.257 | D51: =B51+C51 -> 9208.608 | E51: 12000 | F51: =D51/E51 -> 0.767384 | H51: PERHITUNGAN KAPASITAS : RATA-RATA BERAT PER COIL 5 TON
A52: 21 | B52: =(APR!S12+APR!S13+APR!S14+APR!S15+APR!S16+APR!S17+APR!S18+APR!S19+APR!S20+APR!S23)/1000 -> 8626.173 | C52: =(APR!S21+APR!S22)/1000 -> 464.473 | D52: =B52+C52 -> 9090.646 | E52: 12000 | F52: =D52/E52 -> 0.75755383 | H52: COIL PRIME, MEDIUM , SECOND
A53: 22 | B53: =(APR!T12+APR!T13+APR!T14+APR!T15+APR!T16+APR!T17+APR!T18+APR!T19+APR!T20+APR!T23)/1000 -> 8387.646 | C53: =(APR!T21+APR!T22)/1000 -> 565.655 | D53: =B53+C53 -> 8953.301 | E53: 12000 | F53: =D53/E53 -> 0.74610842 | H53: Kapasitas | J53: 12000 | K53: Ton
A54: 23 | B54: =(APR!U12+APR!U13+APR!U14+APR!U15+APR!U16+APR!U17+APR!U18+APR!U19+APR!U20+APR!U23)/1000 -> 8469.959 | C54: =(APR!U21+APR!U22)/1000 -> 657.283 | D54: =B54+C54 -> 9127.242 | E54: 12000 | F54: =D54/E54 -> 0.7606035 | H54: Posisi Stock 30 APR 26 | J54: 9527 | K54: Ton
A55: 24 | B55: =(APR!V12+APR!V13+APR!V14+APR!V15+APR!V16+APR!V17+APR!V18+APR!V19+APR!V20+APR!V23)/1000 -> 8788.016 | C55: =(APR!V21+APR!V22)/1000 -> 656.073 | D55: =B55+C55 -> 9444.089 | E55: 12000 | F55: =D55/E55 -> 0.78700742 | H55: Kapasitas (%) | J55: =J54/J53 -> 0.79391667 | K55: Ton
A56: 25 | B56: =(APR!W12+APR!W13+APR!W14+APR!W15+APR!W16+APR!W17+APR!W18+APR!W19+APR!W20+APR!W23)/1000 -> 9450.208 | C56: =(APR!W21+APR!W22)/1000 -> 499.586 | D56: =B56+C56 -> 9949.794 | E56: 12000 | F56: =D56/E56 -> 0.8291495 | H56: Kapasitas tersisa | J56: =100%-J55 -> 0.20608333 | K56: Ton
A57: 27 | B57: =(APR!X12+APR!X13+APR!X14+APR!X15+APR!X16+APR!X17+APR!X18+APR!X19+APR!X20+APR!X23)/1000 -> 9350.137 | C57: =(APR!X21+APR!X22)/1000 -> 1323.983 | D57: =B57+C57 -> 10674.12 | E57: 12000 | F57: =D57/E57 -> 0.88951
A58: 28 | B58: =(APR!Y12+APR!Y13+APR!Y14+APR!Y15+APR!Y16+APR!Y17+APR!Y18+APR!Y19+APR!Y20+APR!Y23)/1000 -> 9226.061 | C58: =(APR!Y21+APR!Y22)/1000 -> 1440.512 | D58: =B58+C58 -> 10666.573 | E58: 12000 | F58: =D58/E58 -> 0.88888108
A59: 29 | B59: =(APR!Z12+APR!Z13+APR!Z14+APR!Z15+APR!Z16+APR!Z17+APR!Z18+APR!Z19+APR!Z20+APR!Z23)/1000 -> 8800.211 | C59: =(APR!Z21+APR!Z22)/1000 -> 1477.033 | D59: =B59+C59 -> 10277.244 | E59: 12000 | F59: =D59/E59 -> 0.856437
A60: 30 | B60: =(APR!AA12+APR!AA13+APR!AA14+APR!AA15+APR!AA16+APR!AA17+APR!AA18+APR!AA19+APR!AA20+APR!AA23)/1000 -> 8368.492 | C60: =(APR!AA21+APR!AA22)/1000 -> 1406.831 | D60: =B60+C60 -> 9775.323 | E60: 12000 | F60: =D60/E60 -> 0.81461025
B61: =AVERAGE(B36:B60) -> 8676.3237 | C61: =AVERAGE(C36:C60) -> 850.45448 | D61: =AVERAGE(D36:D60) -> 9526.7782 | E61: =AVERAGE(E36:E60) -> 12000 | F61: =AVERAGE(F36:F60) -> 0.79389818
A62: Stock tertinggi | B62: =MAX(B36:B60) -> 9612.954 | C62: =MAX(C36:C60) -> 1477.033 | D62: =MAX(D36:D60) -> 10815.369 | E62: 12000 | F62: =D62/E62 -> 0.90128075

Sheet MEI
A1: POSISI STOCK TML MEI 2026 ( KG )
A3: STOCK | C3: 2 | D3: 4 | E3: 5 | F3: 6 | G3: 7 | H3: 8 | I3: 9 | J3: 11 | K3: 12 | L3: 13 | M3: 15 | N3: 16 | O3: 18 | P3: 19 | Q3: 20 | R3: 21 | S3: 22 | T3: 23 | U3: 25 | V3: 26 | W3: 28 | X3: 29 | Y3: 30 | Z3: AVERAGE
A5: BAHAN BAKU | B5: CRC | C5: 5170225 | D5: 4775185 | E5: 6067265 | F5: 5474065 | G5: 4322080 | H5: 7281325 | I5: 8064635 | J5: 7158285 | K5: 7130945 | L5: 6529325 | M5: 6129645 | N5: 5553665 | O5: 5337685 | P5: 5385080 | Q5: 5366990 | R5: 4630385 | S5: 4123145 | T5: 4420920 | U5: 3424905 | V5: 3684470 | W5: 2576180 | X5: 2702840 | Y5: 3478050 | Z5: =AVERAGE(C5:Y5) -> 5164665
B6: ALLUMUNIUM | C6: 338213 | D6: 312875 | E6: 300221 | F6: 287521 | G6: 274881 | H6: 265023 | I6: 252321 | J6: 267736 | K6: 267736 | L6: 267736 | M6: 255050 | N6: 245182 | O6: 218404 | P6: 205744 | Q6: 197330 | R6: 184636 | S6: 171960 | T6: 159300 | U6: 135350 | V6: 122678 | W6: 101643 | X6: 327822 | Y6: 345886 | Z6: =AVERAGE(C6:Y6) -> 239358.61
B7: ZINC | C7: 514860 | D7: 497210 | E7: 488387 | F7: 479574 | G7: 470766 | H7: 461954 | I7: 454235 | J7: 437701 | K7: 437701 | L7: 393517 | M7: 381379 | N7: 375879 | O7: 358254 | P7: 347232 | Q7: 345026 | R7: 333985 | S7: 325142 | T7: 318518 | U7: 304195 | V7: 444034 | W7: 430805 | X7: 426380 | Y7: 418674 | Z7: =AVERAGE(C7:Y7) -> 410669.91
B8: ALKALI | C8: 3600 | D8: 2400 | E8: 1200 | F8: 4800 | G8: 4800 | H8: 4800 | I8: 4800 | J8: 1200 | K8: 1200 | L8: 4800 | M8: 4800 | N8: 4800 | O8: 2400 | P8: 2400 | Q8: 2400 | R8: 6000 | S8: 6000 | T8: 6000 | U8: 6000 | V8: 3600 | W8: 1200 | X8: 1200 | Y8: 1200 | Z8: =AVERAGE(C8:Y8) -> 3547.8261
B9: RESIN | C9: 22010 | D9: 19275 | E9: 17275 | F9: 24275 | G9: 21275 | H9: 20475 | I9: 16475 | J9: 13275 | K9: 12275 | L9: 18825 | M9: 18125 | N9: 14125 | O9: 9975 | P9: 7120 | Q9: 5120 | R9: 19120 | S9: 17320 | T9: 15470 | U9: 10320 | V9: 21970 | W9: 17970 | X9: 16820 | Y9: 22820 | Z9: =AVERAGE(C9:Y9) -> 16596.087
B10: PRD | C10: 119719 | D10: 380962 | E10: 356752 | F10: 148212 | G10: 307763 | H10: 276767 | I10: 341602 | J10: 204803 | K10: 367113 | L10: 204112 | M10: 195184 | N10: 298254 | O10: 390335 | P10: 208400 | Q10: 237070 | R10: 280090 | S10: 268245 | T10: 254055 | U10: 361750 | V10: 378045 | W10: 279135 | X10: 269730 | Y10: 66090 | Z10: =AVERAGE(C10:Y10) -> 269312.52
B11: QA | C11: 219890 | D11: 258550 | E11: 270910 | F11: 270910 | G11: 271100 | H11: 271475 | I11: 271475 | J11: 271475 | K11: 271475 | L11: 271705 | M11: 303595 | N11: 327565 | O11: 328670 | P11: 328670 | Q11: 328845 | R11: 328845 | S11: 328845 | T11: 328845 | U11: 355910 | V11: 360440 | W11: 360440 | X11: 360440 | Y11: 360440 | Z11: =AVERAGE(C11:Y11) -> 306544.13
A12: BARANG JADI | B12: NEXALUME PRIME | C12: 1755208 | D12: 2321042 | E12: 3264045 | F12: 3130606 | G12: 3306907 | H12: 3948659 | I12: 4325515 | J12: 5053866 | K12: 4371327 | L12: 3718324 | M12: 3651599 | N12: 3616076 | O12: 5140273 | P12: 4833250 | Q12: 4613109 | R12: 4613109 | S12: 4638661 | T12: 4968538 | U12: 5658958 | V12: 5048321 | W12: 4686645 | X12: 3964257 | Y12: 3581170 | Z12: =AVERAGE(C12:Y12) -> 4096063.7
B13: TATALUME PRIME | C13: 522787 | D13: 532781 | E13: 532781 | F13: 496678 | G13: 511513 | H13: 496442 | I13: 485024 | J13: 498188 | K13: 516164 | L13: 517658 | M13: 613772 | N13: 504390 | O13: 612090 | P13: 525697 | Q13: 553141 | R13: 553141 | S13: 461955 | T13: 480148 | U13: 499383 | V13: 508583 | W13: 485951 | X13: 454901 | Y13: 454901 | Z13: =AVERAGE(C13:Y13) -> 513829.09
B14: NEXCOLOR PRIME | C14: 54369 | D14: 54369 | E14: 54369 | F14: 45938 | G14: 17652 | H14: 30756 | I14: 27256 | J14: 27256 | K14: 24938 | L14: 24941 | M14: 24941 | N14: 24941 | O14: 24941 | P14: 24941 | Q14: 21525 | R14: 21525 | S14: 21525 | T14: 21525 | U14: 29731 | V14: 51655 | W14: 72524 | X14: 69780 | Y14: 61574 | Z14: =AVERAGE(C14:Y14) -> 36216.174
B15: NEXIUM PRIME | C15: 315495 | D15: 315495 | E15: 315495 | F15: 315495 | G15: 312667 | H15: 312667 | I15: 308342 | J15: 308342 | K15: 507011 | L15: 975220 | M15: 1036792 | N15: 1143584 | O15: 1117407 | P15: 1128164 | Q15: 1026317 | R15: 1026317 | S15: 1029821 | T15: 861795 | U15: 861795 | V15: 813342 | W15: 829933 | X15: 708820 | Y15: 571878 | Z15: =AVERAGE(C15:Y15) -> 701834.52
B16: COIL TATA SENTOSA | C16: 1482803 | D16: 1482803 | E16: 1482803 | F16: 1482803 | G16: 1324153 | H16: 1324153 | I16: 1311430 | J16: 1311430 | K16: 1412919 | L16: 1463554 | M16: 1434530 | N16: 1356388 | O16: 1356388 | P16: 1356388 | Q16: 1356388 | R16: 1356388 | S16: 1356388 | T16: 1356388 | U16: 1356388 | V16: 1157947 | W16: 1073632 | X16: 1073632 | Y16: 1073632 | Z16: =AVERAGE(C16:Y16) -> 1336666.4
B17: COIL TATALOGAM | C17: 2903987 | D17: 2651269 | E17: 2651269 | F17: 2331921 | G17: 2331921 | H17: 2331921 | I17: 2404984 | J17: 2404984 | K17: 2404984 | L17: 2335858 | M17: 2311396 | N17: 2242712 | O17: 2242712 | P17: 2242712 | Q17: 2242712 | R17: 2080486 | S17: 2242712 | T17: 2242712 | U17: 2242712 | V17: 2242712 | W17: 2242712 | X17: 2242712 | Y17: 2242712 | Z17: =AVERAGE(C17:Y17) -> 2339774.4
B18: NEXALUME MEDIUM | C18: 730319 | D18: 737468 | E18: 737468 | F18: 737468 | G18: 737468 | H18: 733140 | I18: 260236 | J18: 260236 | K18: 260236 | L18: 742080 | M18: 742080 | N18: 742080 | O18: 742080 | P18: 742080 | Q18: 742080 | R18: 742080 | S18: 742080 | T18: 746697 | U18: 746697 | V18: 648769 | W18: 648769 | X18: 547038 | Y18: 547038 | Z18: =AVERAGE(C18:Y18) -> 652855.96
B19: NEXALUME SECOND | C19: 204364 | D19: 198218 | E19: 198218 | F19: 198218 | G19: 198218 | H19: 198218 | I19: 63097 | J19: 63097 | K19: 63097 | L19: 197775 | M19: 197775 | N19: 197775 | O19: 197775 | P19: 197775 | Q19: 197775 | R19: 197775 | S19: 197775 | T19: 161978 | U19: 161978 | V19: 138475 | W19: 138475 | X19: 21868 | Y19: 21868 | Z19: =AVERAGE(C19:Y19) -> 157025.52
B20: COIL SLITTING | C20: 1416671 | D20: 1306846 | E20: 1596163 | F20: 1660130 | G20: 1801842 | H20: 1829871 | I20: 1836657 | J20: 1903193 | K20: 1989152 | L20: 2009776 | M20: 1880244 | N20: 1836388 | O20: 1704464 | P20: 1709646 | Q20: 1694087 | R20: 1714635 | S20: 1802687 | T20: 1675176 | U20: 1669737 | V20: 1662831 | W20: 1772944 | X20: 1813383 | Y20: 1920849 | Z20: =AVERAGE(C20:Y20) -> 1748146.6
B21: PRD | C21: 1220413 | D21: 1335319 | E21: 1016056 | F21: 946959 | G21: 841639 | H21: 757262 | I21: 694197 | J21: 579975 | K21: 431526 | L21: 272432 | M21: 296553 | N21: 384281 | O21: 300453 | P21: 974646 | Q21: 817110 | R21: 1064328 | S21: 895161 | T21: 827308 | U21: 1104295 | V21: 943810 | W21: 1099260 | X21: 1058098 | Y21: 784698 | Z21: =AVERAGE(C21:Y21) -> 810686.04
B22: QA | C22: 128222 | D22: 109723 | E22: 121493 | F22: 129036 | G22: 132802 | H22: 121477 | I22: 134216 | J22: 114370 | K22: 86673 | L22: 188993 | M22: 170838 | N22: 159998 | O22: 138559 | P22: 144956 | Q22: 149766 | R22: 149766 | S22: 165296 | T22: 155648 | U22: 155648 | V22: 168490 | W22: 167156 | X22: 185020 | Y22: 185020 | Z22: =AVERAGE(C22:Y22) -> 146224.61
B23: DOWNGRADE | C23: 260669 | D23: 266660 | E23: 266905 | F23: 266905 | G23: 266905 | H23: 266905 | I23: 267128 | J23: 267128 | K23: 267128 | L23: 271285 | M23: 274983 | N23: 274983 | O23: 279980 | P23: 279980 | Q23: 279980 | R23: 279980 | S23: 279980 | T23: 279980 | U23: 279980 | V23: 21499 | W23: 25007 | X23: 25007 | Y23: 25007 | Z23: =AVERAGE(C23:Y23) -> 229302.78
A24: LIMBAH | B24: DROSS | C24: 5565 | D24: 1706 | E24: 1706 | F24: 1706 | G24: 1706 | H24: 2798.5 | I24: 3384.5 | J24: 3384.5 | K24: 3384.5 | L24: 5019.5 | M24: 5019.5 | N24: 6479.1 | O24: 6479.1 | P24: 6479.1 | Q24: 6479.1 | R24: 656 | S24: 656 | T24: 656 | U24: 656 | V24: 2027.5 | W24: 2661.5 | X24: 2661.5 | Y24: 2661.5 | Z24: =AVERAGE(C24:Y24) -> 3214.4522
B25: PUP COIL | C25: 21783 | D25: 21783 | E25: 21783 | F25: 21783 | G25: 21783 | H25: 21783 | I25: 21783 | J25: 21783 | K25: 21783 | L25: 21783 | M25: 21783 | N25: 21783 | O25: 21783 | P25: 21783 | Q25: 21783 | R25: 21783 | S25: 21783 | T25: 21783 | U25: 21783 | V25: 21783 | W25: 21783 | X25: 21783 | Y25: 21783 | Z25: =AVERAGE(C25:Y25) -> 21783

Sheet KAPASITAS MEI
A1: CRC - MEI 2026
A2: TGL | B2: STOCK | D2: TOTAL STOCK | E2: KAP | F2: TREND
B3: WH | C3: PRD & QA
A4: 2 | B4: =MEI!C5/1000 -> 5170.225 | C4: =(MEI!C10+MEI!C11)/1000 -> 339.609 | D4: =B4+C4 -> 5509.834 | E4: 6760 | F4: =D4/E4 -> 0.8150642
A5: 4 | B5: =MEI!D5/1000 -> 4775.185 | C5: =(MEI!D10+MEI!D11)/1000 -> 639.512 | D5: =B5+C5 -> 5414.697 | E5: 6760 | F5: =D5/E5 -> 0.80099068
A6: 5 | B6: =MEI!E5/1000 -> 6067.265 | C6: =(MEI!E10+MEI!E11)/1000 -> 627.662 | D6: =B6+C6 -> 6694.927 | E6: 6760 | F6: =D6/E6 -> 0.99037382
A7: 6 | B7: =MEI!F5/1000 -> 5474.065 | C7: =(MEI!F10+MEI!F11)/1000 -> 419.122 | D7: =B7+C7 -> 5893.187 | E7: 6760 | F7: =D7/E7 -> 0.87177322
A8: 7 | B8: =MEI!G5/1000 -> 4322.08 | C8: =(MEI!G10+MEI!G11)/1000 -> 578.863 | D8: =B8+C8 -> 4900.943 | E8: 6760 | F8: =D8/E8 -> 0.72499157
A9: 8 | B9: =MEI!H5/1000 -> 7281.325 | C9: =(MEI!H10+MEI!H11)/1000 -> 548.242 | D9: =B9+C9 -> 7829.567 | E9: 6760 | F9: =D9/E9 -> 1.15822
A10: 9 | B10: =MEI!I5/1000 -> 8064.635 | C10: =(MEI!I10+MEI!I11)/1000 -> 613.077 | D10: =B10+C10 -> 8677.712 | E10: 6760 | F10: =D10/E10 -> 1.2836852
A11: 11 | B11: =MEI!J5/1000 -> 7158.285 | C11: =(MEI!J10+MEI!J11)/1000 -> 476.278 | D11: =B11+C11 -> 7634.563 | E11: 6760 | F11: =D11/E11 -> 1.1293732
A12: 12 | B12: =MEI!K5/1000 -> 7130.945 | C12: =(MEI!K10+MEI!K11)/1000 -> 638.588 | D12: =B12+C12 -> 7769.533 | E12: 6760 | F12: =D12/E12 -> 1.1493392
A13: 13 | B13: =MEI!L5/1000 -> 6529.325 | C13: =(MEI!L10+MEI!L11)/1000 -> 475.817 | D13: =B13+C13 -> 7005.142 | E13: 6760 | F13: =D13/E13 -> 1.0362636
A14: 15 | B14: =MEI!M5/1000 -> 6129.645 | C14: =(MEI!M10+MEI!M11)/1000 -> 498.779 | D14: =B14+C14 -> 6628.424 | E14: 6760 | F14: =D14/E14 -> 0.98053609
A15: 16 | B15: =MEI!N5/1000 -> 5553.665 | C15: =(MEI!N10+MEI!N11)/1000 -> 625.819 | D15: =B15+C15 -> 6179.484 | E15: 6760 | F15: =D15/E15 -> 0.91412485
A16: 18 | B16: =MEI!O5/1000 -> 5337.685 | C16: =(MEI!O10+MEI!O11)/1000 -> 719.005 | D16: =B16+C16 -> 6056.69 | E16: 6760 | F16: =D16/E16 -> 0.89596006
A17: 19 | B17: =MEI!P5/1000 -> 5385.08 | C17: =(MEI!P10+MEI!P11)/1000 -> 537.07 | D17: =B17+C17 -> 5922.15 | E17: 6760 | F17: =D17/E17 -> 0.87605769
A18: 20 | B18: =MEI!Q5/1000 -> 5366.99 | C18: =(MEI!Q10+MEI!Q11)/1000 -> 565.915 | D18: =B18+C18 -> 5932.905 | E18: 6760 | F18: =D18/E18 -> 0.87764867
A19: 21 | B19: =MEI!R5/1000 -> 4630.385 | C19: =(MEI!R10+MEI!R11)/1000 -> 608.935 | D19: =B19+C19 -> 5239.32 | E19: 6760 | F19: =D19/E19 -> 0.77504734 | H19: PERHITUNGAN KAPASITAS : RATA-RATA BERAT PER COIL 20 TON
A20: 22 | B20: =MEI!S5/1000 -> 4123.145 | C20: =(MEI!S10+MEI!S11)/1000 -> 597.09 | D20: =B20+C20 -> 4720.235 | E20: 6760 | F20: =D20/E20 -> 0.69825962 | H20: Kapasitas | J20: 6760 | K20: Ton
A21: 23 | B21: =MEI!T5/1000 -> 4420.92 | C21: =(MEI!T10+MEI!T11)/1000 -> 582.9 | D21: =B21+C21 -> 5003.82 | E21: 6760 | F21: =D21/E21 -> 0.74021006 | H21: Posisi Stock 30 MEI 26 | J21: 3905 | K21: Ton
A22: 25 | B22: =MEI!U5/1000 -> 3424.905 | C22: =(MEI!U10+MEI!U11)/1000 -> 717.66 | D22: =B22+C22 -> 4142.565 | E22: 6760 | F22: =D22/E22 -> 0.61280547 | H22: Kapasitas (%) | J22: =J21/J20 -> 0.57766272 | K22: Ton
A23: 26 | B23: =MEI!V5/1000 -> 3684.47 | C23: =(MEI!V10+MEI!V11)/1000 -> 738.485 | D23: =B23+C23 -> 4422.955 | E23: 6760 | F23: =D23/E23 -> 0.65428328 | H23: Kapasitas tersisa | J23: =100%-J22 -> 0.42233728 | K23: Ton
A24: 28 | B24: =MEI!W5/1000 -> 2576.18 | C24: =(MEI!W10+MEI!W11)/1000 -> 639.575 | D24: =B24+C24 -> 3215.755 | E24: 6760 | F24: =D24/E24 -> 0.4757034
A25: 29 | B25: =MEI!X5/1000 -> 2702.84 | C25: =(MEI!X10+MEI!X11)/1000 -> 630.17 | D25: =B25+C25 -> 3333.01 | E25: 6760 | F25: =D25/E25 -> 0.49304882
A26: 30 | B26: =MEI!Y5/1000 -> 3478.05 | C26: =(MEI!Y10+MEI!Y11)/1000 -> 426.53 | D26: =B26+C26 -> 3904.58 | E26: 6760 | F26: =D26/E26 -> 0.57760059
A27: AVERAGE | B27: =AVERAGE(B4:B26) -> 5164.665 | C27: =AVERAGE(C4:C26) -> 575.85665 | D27: =AVERAGE(D4:D26) -> 5740.5217 | E27: =AVERAGE(E4:E26) -> 6760 | F27: =AVERAGE(F4:F26) -> 0.84918959
A28: Stock tertinggi | B28: =MAX(B4:B26) -> 8064.635 | C28: =MAX(C4:C26) -> 738.485 | D28: =MAX(D4:D26) -> 8677.712 | E28: 6760 | F28: =D28/E28 -> 1.2836852
A31: BARANG JADI MEI 2026
A32: TGL | B32: STOCK | D32: TOTAL STOCK | E32: KAP | F32: TREND
B33: WH | C33: PRD & QA
A34: 2 | B34: =(MEI!C12+MEI!C13+MEI!C14+MEI!C15+MEI!C16+MEI!C17+MEI!C18+MEI!C19+MEI!C20+MEI!C23)/1000 -> 9646.672 | C34: =(MEI!C21+MEI!C22)/1000 -> 1348.635 | D34: =B34+C34 -> 10995.307 | E34: 12000 | F34: =D34/E34 -> 0.91627558
A35: 4 | B35: =(MEI!D12+MEI!D13+MEI!D14+MEI!D15+MEI!D16+MEI!D17+MEI!D18+MEI!D19+MEI!D20+MEI!D23)/1000 -> 9866.951 | C35: =(MEI!D21+MEI!D22)/1000 -> 1445.042 | D35: =B35+C35 -> 11311.993 | E35: 12000 | F35: =D35/E35 -> 0.94266608
A36: 5 | B36: =(MEI!E12+MEI!E13+MEI!E14+MEI!E15+MEI!E16+MEI!E17+MEI!E18+MEI!E19+MEI!E20+MEI!E23)/1000 -> 11099.516 | C36: =(MEI!E21+MEI!E22)/1000 -> 1137.549 | D36: =B36+C36 -> 12237.065 | E36: 12000 | F36: =D36/E36 -> 1.0197554
A37: 6 | B37: =(MEI!F12+MEI!F13+MEI!F14+MEI!F15+MEI!F16+MEI!F17+MEI!F18+MEI!F19+MEI!F20+MEI!F23)/1000 -> 10666.162 | C37: =(MEI!F21+MEI!F22)/1000 -> 1075.995 | D37: =B37+C37 -> 11742.157 | E37: 12000 | F37: =D37/E37 -> 0.97851308
A38: 7 | B38: =(MEI!G12+MEI!G13+MEI!G14+MEI!G15+MEI!G16+MEI!G17+MEI!G18+MEI!G19+MEI!G20+MEI!G23)/1000 -> 10809.246 | C38: =(MEI!G21+MEI!G22)/1000 -> 974.441 | D38: =B38+C38 -> 11783.687 | E38: 12000 | F38: =D38/E38 -> 0.98197392
A39: 8 | B39: =(MEI!H12+MEI!H13+MEI!H14+MEI!H15+MEI!H16+MEI!H17+MEI!H18+MEI!H19+MEI!H20+MEI!H23)/1000 -> 11472.732 | C39: =(MEI!H21+MEI!H22)/1000 -> 878.739 | D39: =B39+C39 -> 12351.471 | E39: 12000 | F39: =D39/E39 -> 1.0292892
A40: 9 | B40: =(MEI!I12+MEI!I13+MEI!I14+MEI!I15+MEI!I16+MEI!I17+MEI!I18+MEI!I19+MEI!I20+MEI!I23)/1000 -> 11289.669 | C40: =(MEI!I21+MEI!I22)/1000 -> 828.413 | D40: =B40+C40 -> 12118.082 | E40: 12000 | F40: =D40/E40 -> 1.0098402
A41: 11 | B41: =(MEI!J12+MEI!J13+MEI!J14+MEI!J15+MEI!J16+MEI!J17+MEI!J18+MEI!J19+MEI!J20+MEI!J23)/1000 -> 12097.72 | C41: =(MEI!J21+MEI!J22)/1000 -> 694.345 | D41: =B41+C41 -> 12792.065 | E41: 12000 | F41: =D41/E41 -> 1.0660054
A42: 12 | B42: =(MEI!K12+MEI!K13+MEI!K14+MEI!K15+MEI!K16+MEI!K17+MEI!K18+MEI!K19+MEI!K20+MEI!K23)/1000 -> 11816.956 | C42: =(MEI!K21+MEI!K22)/1000 -> 518.199 | D42: =B42+C42 -> 12335.155 | E42: 12000 | F42: =D42/E42 -> 1.0279296
A43: 13 | B43: =(MEI!L12+MEI!L13+MEI!L14+MEI!L15+MEI!L16+MEI!L17+MEI!L18+MEI!L19+MEI!L20+MEI!L23)/1000 -> 12256.471 | C43: =(MEI!L21+MEI!L22)/1000 -> 461.425 | D43: =B43+C43 -> 12717.896 | E43: 12000 | F43: =D43/E43 -> 1.0598247
A44: 15 | B44: =(MEI!M12+MEI!M13+MEI!M14+MEI!M15+MEI!M16+MEI!M17+MEI!M18+MEI!M19+MEI!M20+MEI!M23)/1000 -> 12168.112 | C44: =(MEI!M21+MEI!M22)/1000 -> 467.391 | D44: =B44+C44 -> 12635.503 | E44: 12000 | F44: =D44/E44 -> 1.0529586
A45: 16 | B45: =(MEI!N12+MEI!N13+MEI!N14+MEI!N15+MEI!N16+MEI!N17+MEI!N18+MEI!N19+MEI!N20+MEI!N23)/1000 -> 11939.317 | C45: =(MEI!N21+MEI!N22)/1000 -> 544.279 | D45: =B45+C45 -> 12483.596 | E45: 12000 | F45: =D45/E45 -> 1.0402997
A46: 18 | B46: =(MEI!O12+MEI!O13+MEI!O14+MEI!O15+MEI!O16+MEI!O17+MEI!O18+MEI!O19+MEI!O20+MEI!O23)/1000 -> 13418.11 | C46: =(MEI!O21+MEI!O22)/1000 -> 439.012 | D46: =B46+C46 -> 13857.122 | E46: 12000 | F46: =D46/E46 -> 1.1547602
A47: 19 | B47: =(MEI!P12+MEI!P13+MEI!P14+MEI!P15+MEI!P16+MEI!P17+MEI!P18+MEI!P19+MEI!P20+MEI!P23)/1000 -> 13040.633 | C47: =(MEI!P21+MEI!P22)/1000 -> 1119.602 | D47: =B47+C47 -> 14160.235 | E47: 12000 | F47: =D47/E47 -> 1.1800196
A48: 20 | B48: =(MEI!Q12+MEI!Q13+MEI!Q14+MEI!Q15+MEI!Q16+MEI!Q17+MEI!Q18+MEI!Q19+MEI!Q20+MEI!Q23)/1000 -> 12727.114 | C48: =(MEI!Q21+MEI!Q22)/1000 -> 966.876 | D48: =B48+C48 -> 13693.99 | E48: 12000 | F48: =D48/E48 -> 1.1411658
A49: 21 | B49: =(MEI!R12+MEI!R13+MEI!R14+MEI!R15+MEI!R16+MEI!R17+MEI!R18+MEI!R19+MEI!R20+MEI!R23)/1000 -> 12585.436 | C49: =(MEI!R21+MEI!R22)/1000 -> 1214.094 | D49: =B49+C49 -> 13799.53 | E49: 12000 | F49: =D49/E49 -> 1.1499608 | H49: PERHITUNGAN KAPASITAS : RATA-RATA BERAT PER COIL 5 TON
A50: 22 | B50: =(MEI!S12+MEI!S13+MEI!S14+MEI!S15+MEI!S16+MEI!S17+MEI!S18+MEI!S19+MEI!S20+MEI!S23)/1000 -> 12773.584 | C50: =(MEI!S21+MEI!S22)/1000 -> 1060.457 | D50: =B50+C50 -> 13834.041 | E50: 12000 | F50: =D50/E50 -> 1.1528368 | H50: COIL PRIME, MEDIUM , SECOND
A51: 23 | B51: =(MEI!T12+MEI!T13+MEI!T14+MEI!T15+MEI!T16+MEI!T17+MEI!T18+MEI!T19+MEI!T20+MEI!T23)/1000 -> 12794.937 | C51: =(MEI!T21+MEI!T22)/1000 -> 982.956 | D51: =B51+C51 -> 13777.893 | E51: 12000 | F51: =D51/E51 -> 1.1481577 | H51: Kapasitas | J51: 12000 | K51: Ton
A52: 25 | B52: =(MEI!U12+MEI!U13+MEI!U14+MEI!U15+MEI!U16+MEI!U17+MEI!U18+MEI!U19+MEI!U20+MEI!U23)/1000 -> 13507.359 | C52: =(MEI!U21+MEI!U22)/1000 -> 1259.943 | D52: =B52+C52 -> 14767.302 | E52: 12000 | F52: =D52/E52 -> 1.2306085 | H52: Posisi Stock 30 MEI 26 | J52: 11470 | K52: Ton
A53: 26 | B53: =(MEI!V12+MEI!V13+MEI!V14+MEI!V15+MEI!V16+MEI!V17+MEI!V18+MEI!V19+MEI!V20+MEI!V23)/1000 -> 12294.134 | C53: =(MEI!V21+MEI!V22)/1000 -> 1112.3 | D53: =B53+C53 -> 13406.434 | E53: 12000 | F53: =D53/E53 -> 1.1172028 | H53: Kapasitas (%) | J53: =J52/J51 -> 0.95583333 | K53: Ton
A54: 28 | B54: =(MEI!W12+MEI!W13+MEI!W14+MEI!W15+MEI!W16+MEI!W17+MEI!W18+MEI!W19+MEI!W20+MEI!W23)/1000 -> 11976.592 | C54: =(MEI!W21+MEI!W22)/1000 -> 1266.416 | D54: =B54+C54 -> 13243.008 | E54: 12000 | F54: =D54/E54 -> 1.103584 | H54: Kapasitas tersisa | J54: =100%-J53 -> 0.044166667 | K54: Ton
A55: 29 | B55: =(MEI!X12+MEI!X13+MEI!X14+MEI!X15+MEI!X16+MEI!X18+MEI!X19+MEI!X20+MEI!X23)/1000 -> 8678.686 | C55: =(MEI!X21+MEI!X22)/1000 -> 1243.118 | D55: =B55+C55 -> 9921.804 | E55: 12000 | F55: =D55/E55 -> 0.826817
A56: 30 | B56: =(MEI!Y12+MEI!Y13+MEI!Y14+MEI!Y15+MEI!Y16+MEI!Y17+MEI!Y18+MEI!Y19+MEI!Y20+MEI!Y23)/1000 -> 10500.629 | C56: =(MEI!Y21+MEI!Y22)/1000 -> 969.718 | D56: =B56+C56 -> 11470.347 | E56: 12000 | F56: =D56/E56 -> 0.95586225
B57: =AVERAGE(B34:B56) -> 11714.206 | C57: =AVERAGE(C34:C56) -> 956.91065 | D57: =AVERAGE(D34:D56) -> 12671.117 | E57: =AVERAGE(E34:E56) -> 12000 | F57: =AVERAGE(F34:F56) -> 1.0559264
A58: Stock tertinggi | B58: =MAX(B34:B56) -> 13507.359 | C58: =MAX(C34:C56) -> 1445.042 | D58: =MAX(D34:D56) -> 14767.302 | E58: 12000 | F58: =D58/E58 -> 1.2306085

Sheet JUNI
A1: POSISI STOCK TML JUNI 2026 ( KG )
A3: STOCK | C3: 2 | D3: 3 | E3: 4 | F3: 5 | G3: 6 | H3: 8 | I3: 9 | J3: 10 | K3: 11 | L3: 12 | M3: 13 | N3: 15 | O3: 17 | P3: 18 | Q3: 19 | R3: 20 | S3: 22 | T3: 23 | U3: 24 | V3: 25 | W3: 26 | X3: 27 | Y3: 29 | Z3: 30 | AA3: AVERAGE
A5: BAHAN BAKU | B5: CRC | C5: 4089140 | D5: 3507585 | E5: 2713960 | F5: 2484270 | G5: 2409145 | H5: 2645700 | I5: 2712370 | J5: 2999335 | K5: 2984660 | L5: 2900050 | M5: 3294920 | N5: 5338820 | O5: 6817505 | P5: 6986205 | Q5: 7137210 | R5: 7232040 | S5: 7480815 | T5: 7697025 | U5: 8093425 | V5: 7542365 | W5: 7559875 | X5: 7688095 | Y5: 7229399 | Z5: 6732031 | AA5: =AVERAGE(C5:Z5) -> 5261497.7
B6: ALLUMUNIUM | C6: 324846 | D6: 316412 | E6: 308039 | F6: 298242 | G6: 284246 | H6: 260494 | I6: 249277 | J6: 243671 | K6: 231132 | L6: 219990 | M6: 213012 | N6: 213012 | O6: 213012 | P6: 213012 | Q6: 213012 | R6: 208772 | S6: 208772 | T6: 208772 | U6: 208772 | V6: 199012 | W6: 186428 | X6: 504248 | Y6: 484668 | Z6: 477672 | AA6: =AVERAGE(C6:Z6) -> 270355.21
B7: ZINC | C7: 430918 | D7: 476332 | E7: 469696 | F7: 456455 | G7: 429977 | H7: 429977 | I7: 409040 | J7: 654186 | K7: 645367 | L7: 637638 | M7: 631025 | N7: 631025 | O7: 631025 | P7: 631025 | Q7: 601127 | R7: 598922 | S7: 596709 | T7: 596709 | U7: 596709 | V7: 594494 | W7: 588952 | X7: 584524 | Y7: 571246 | Z7: 564620 | AA7: =AVERAGE(C7:Z7) -> 560737.42
B8: ALKALI | C8: 4800 | D8: 4800 | E8: 2400 | F8: 2400 | G8: 6000 | H8: 6000 | I8: 3600 | J8: 3600 | K8: 3600 | L8: 3600 | M8: 3600 | N8: 3600 | O8: 3600 | P8: 3600 | Q8: 1200 | R8: 1200 | S8: 4800 | T8: 4800 | U8: 4800 | V8: 4800 | W8: 2400 | X8: 2400 | Y8: 6000 | Z8: 6000 | AA8: =AVERAGE(C8:Z8) -> 3900
B9: RESIN | C9: 17620 | D9: 17620 | E9: 16620 | F9: 14620 | G9: 17620 | H9: 14620 | I9: 13920 | J9: 13920 | K9: 19920 | L9: 17920 | M9: 15920 | N9: 22920 | O9: 22920 | P9: 22920 | Q9: 22920 | R9: 22920 | S9: 16920 | T9: 16920 | U9: 16920 | V9: 16920 | W9: 15800 | X9: 15800 | Y9: 18800 | Z9: 18800 | AA9: =AVERAGE(C9:Z9) -> 17991.667
B10: PRD | C10: 281764 | D10: 189709 | E10: 338522 | F10: 236907 | G10: 328047 | H10: 441292 | I10: 301359 | J10: 411351 | K10: 331710 | L10: 259838 | M10: 108065 | N10: 106955 | O10: 80770 | P10: 282230 | Q10: 31043 | R10: 193397 | S10: 224590 | T10: 295325 | U10: 330395 | V10: 248198 | W10: 168222 | X10: 311022 | Y10: 256577 | Z10: 327565 | AA10: =AVERAGE(C10:Z10) -> 253535.54
B11: QA | C11: 360440 | D11: 360440 | E11: 360440 | F11: 360440 | G11: 360440 | H11: 360440 | I11: 360440 | J11: 360440 | K11: 360440 | L11: 360440 | M11: 360440 | N11: 362737 | O11: 360440 | P11: 360440 | Q11: 360440 | R11: 360440 | S11: 360440 | T11: 346035 | U11: 346035 | V11: 346335 | W11: 473615 | X11: 473615 | Y11: 473615 | Z11: 404095 | AA11: =AVERAGE(C11:Z11) -> 374713.42
A12: BARANG JADI | B12: NEXALUME PRIME | C12: 2938444 | D12: 2757505 | E12: 2566134 | F12: 2566134 | G12: 2678349 | H12: 3824204 | I12: 4150122 | J12: 3883064 | K12: 3995350 | L12: 4573627 | M12: 4768256 | N12: 4297674 | O12: 3830083 | P12: 3142859 | Q12: 2732133 | R12: 2411449 | S12: 2543238 | T12: 2223460 | U12: 2000439 | V12: 2389856 | W12: 1713290 | X12: 1321487 | Y12: 2018336 | Z12: 1429503 | AA12: =AVERAGE(C12:Z12) -> 2948124.8
B13: TATALUME PRIME | C13: 454879 | D13: 442620 | E13: 499345 | F13: 497264 | G13: 497264 | H13: 636214 | I13: 582398 | J13: 602785 | K13: 552199 | L13: 552199 | M13: 646584 | N13: 662704 | O13: 658195 | P13: 650449 | Q13: 649740 | R13: 620557 | S13: 595977 | T13: 458288 | U13: 439513 | V13: 465236 | W13: 461770 | X13: 490747 | Y13: 532826 | Z13: 501747 | AA13: =AVERAGE(C13:Z13) -> 547979.17
B14: NEXCOLOR PRIME | C14: 61574 | D14: 73290 | E14: 73290 | F14: 73290 | G14: 71314 | H14: 44443 | I14: 28536 | J14: 28536 | K14: 28941 | L14: 28941 | M14: 28941 | N14: 28941 | O14: 28941 | P14: 28941 | Q14: 52155 | R14: 52155 | S14: 52256 | T14: 49439 | U14: 49439 | V14: 49439 | W14: 44007 | X14: 44007 | Y14: 44007 | Z14: 44007 | AA14: =AVERAGE(C14:Z14) -> 46201.25
B15: NEXIUM PRIME | C15: 571878 | D15: 571878 | E15: 579320 | F15: 548819 | G15: 548819 | H15: 548819 | I15: 506982 | J15: 517006 | K15: 517006 | L15: 506061 | M15: 502822 | N15: 502812 | O15: 502812 | P15: 502812 | Q15: 795855 | R15: 841740 | S15: 798252 | T15: 817550 | U15: 805494 | V15: 919524 | W15: 899294 | X15: 891315 | Y15: 873186 | Z15: 871725 | AA15: =AVERAGE(C15:Z15) -> 664240.88
B16: COIL TATA SENTOSA | C16: 1073632 | D16: 1073632 | E16: 1175622 | F16: 1286113 | G16: 1286113 | H16: 1283427 | I16: 1286462 | J16: 1434577 | K16: 1434577 | L16: 1362043 | M16: 1302879 | N16: 1482038 | O16: 1482038 | P16: 1482038 | Q16: 1482038 | R16: 1324482 | S16: 1297604 | T16: 1297604 | U16: 1297604 | V16: 1297604 | W16: 1450692 | X16: 1450692 | Y16: 1343623 | Z16: 1318692 | AA16: =AVERAGE(C16:Z16) -> 1333576.1
B17: COIL TATALOGAM | C17: 2242712 | D17: 2242712 | E17: 5089725 | F17: 5089725 | G17: 5089725 | H17: 5089725 | I17: 5089725 | J17: 4586613 | K17: 4296746 | L17: 4048939 | M17: 4041273 | N17: 3996000 | O17: 3996000 | P17: 3879338 | Q17: 3879338 | R17: 3579993 | S17: 3579993 | T17: 3579993 | U17: 3579993 | V17: 2894353 | W17: 3484050 | X17: 3798897 | Y17: 3555053 | Z17: 3555053 | AA17: =AVERAGE(C17:Z17) -> 3927736.4
B18: NEXALUME MEDIUM | C18: 547038 | D18: 551368 | E18: 551368 | F18: 551368 | G18: 551368 | H18: 551368 | I18: 560850 | J18: 560850 | K18: 560850 | L18: 546221 | M18: 546221 | N18: 546221 | O18: 546221 | P18: 546221 | Q18: 546221 | R18: 545163 | S18: 548482 | T18: 548482 | U18: 548482 | V18: 619286 | W18: 619286 | X18: 619286 | Y18: 619286 | Z18: 619286 | AA18: =AVERAGE(C18:Z18) -> 564616.38
B19: NEXALUME SECOND | C19: 21868 | D19: 28041 | E19: 28041 | F19: 28041 | G19: 28041 | H19: 28041 | I19: 62851 | J19: 62851 | K19: 62851 | L19: 62159 | M19: 62159 | N19: 62159 | O19: 62159 | P19: 62159 | Q19: 62159 | R19: 67647 | S19: 64922 | T19: 64922 | U19: 64922 | V19: 77065 | W19: 77065 | X19: 77065 | Y19: 77065 | Z19: 77065 | AA19: =AVERAGE(C19:Z19) -> 57138.25
B20: COIL SLITTING | C20: 1975798 | D20: 1991276 | E20: 2031749 | F20: 2162762 | G20: 2237510 | H20: 2264887 | I20: 2371324 | J20: 2400818 | K20: 2344296 | L20: 2503428 | M20: 2628837 | N20: 2727762 | O20: 2684335 | P20: 2513122 | Q20: 2429050 | R20: 2341860 | S20: 2051157 | T20: 2006429 | U20: 1787827 | V20: 1633948 | W20: 1619625 | X20: 1776583 | Y20: 1479264 | Z20: 1444332 | AA20: =AVERAGE(C20:Z20) -> 2141999.1
B21: PRD | C21: 1297376 | D21: 1216307 | E21: 1078388 | F21: 827192 | G21: 738307 | H21: 919469 | I21: 702165 | J21: 649338 | K21: 445672 | L21: 581073 | M21: 495126 | N21: 330404 | O21: 296897 | P21: 329154 | Q21: 73584 | R21: 34380 | S21: 43477 | T21: 115590 | U21: 117400 | V21: 409707 | W21: 356726 | X21: 80801 | Y21: 214263 | Z21: 651468 | AA21: =AVERAGE(C21:Z21) -> 500177.67
B22: QA | C22: 178132 | D22: 190343 | E22: 205069 | F22: 179443 | G22: 213300 | H22: 212561 | I22: 206729 | J22: 219406 | K22: 219406 | L22: 219406 | M22: 221520 | N22: 209378 | O22: 209395 | P22: 209332 | Q22: 434476 | R22: 447325 | S22: 435108 | T22: 377965 | U22: 377965 | V22: 302716 | W22: 295488 | X22: 304690 | Y22: 304690 | Z22: 297576 | AA22: =AVERAGE(C22:Z22) -> 269642.46
B23: DOWNGRADE | C23: 25007 | D23: 25001 | E23: 25001 | F23: 25001 | G23: 25001 | H23: 26514 | I23: 26514 | J23: 26514 | K23: 26514 | L23: 31230 | M23: 31230 | N23: 31230 | O23: 31230 | P23: 31230 | Q23: 31230 | R23: 36407 | S23: 40021 | T23: 40021 | U23: 40021 | V23: 45912 | W23: 45912 | X23: 45912 | Y23: 46328 | Z23: 46328 | AA23: =AVERAGE(C23:Z23) -> 33554.542
A24: LIMBAH | B24: DROSS | C24: 2661.5 | D24: 5313.5 | E24: 5313.5 | F24: 5313.5 | G24: 5313.5 | H24: 1193.5 | I24: 1793 | J24: 1793 | K24: 1793 | L24: 2435.5 | M24: 2435.5 | N24: 3088.5 | O24: 3088.5 | P24: 3088.5 | Q24: 3088.5 | R24: 6433.5 | S24: 6433.5 | T24: 6433.5 | U24: 0 | V24: 0 | W24: 0 | X24: 571.5 | Y24: 1197 | Z24: 1197 | AA24: =AVERAGE(C24:Z24) -> 2915.7917
B25: PUP COIL | C25: 21783 | D25: 21781 | E25: 21781 | F25: 21781 | G25: 21781 | H25: 21781 | I25: 21781 | J25: 21781 | K25: 21781 | L25: 21781 | M25: 21781 | N25: 21781 | O25: 21781 | P25: 21781 | Q25: 21781 | R25: 21781 | S25: 21781 | T25: 21781 | U25: 21781 | V25: 21781 | W25: 21781 | X25: 21781 | Y25: 21781 | Z25: 21781 | AA25: =AVERAGE(C25:Z25) -> 21781.083

Sheet KAPASITAS JUNI
A1: CRC - JUNI 2026
A2: TGL | B2: STOCK | D2: TOTAL STOCK | E2: KAP | F2: TREND
B3: WH | C3: PRD & QA
A4: 2 | B4: =JUNI!C5/1000 -> 4089.14 | C4: =(JUNI!C10+JUNI!C11)/1000 -> 642.204 | D4: =B4+C4 -> 4731.344 | E4: 6760 | F4: =D4/E4 -> 0.69990296
A5: 3 | B5: =JUNI!D5/1000 -> 3507.585 | C5: =(JUNI!D10+JUNI!D11)/1000 -> 550.149 | D5: =B5+C5 -> 4057.734 | E5: 6760 | F5: =D5/E5 -> 0.60025651
A6: 4 | B6: =JUNI!E5/1000 -> 2713.96 | C6: =(JUNI!E10+JUNI!E11)/1000 -> 698.962 | D6: =B6+C6 -> 3412.922 | E6: 6760 | F6: =D6/E6 -> 0.50487012
A7: 5 | B7: =JUNI!F5/1000 -> 2484.27 | C7: =(JUNI!F10+JUNI!F11)/1000 -> 597.347 | D7: =B7+C7 -> 3081.617 | E7: 6760 | F7: =D7/E7 -> 0.4558605
A8: 6 | B8: =JUNI!G5/1000 -> 2409.145 | C8: =(JUNI!G10+JUNI!G11)/1000 -> 688.487 | D8: =B8+C8 -> 3097.632 | E8: 6760 | F8: =D8/E8 -> 0.45822959
A9: 8 | B9: =JUNI!H5/1000 -> 2645.7 | C9: =(JUNI!H10+JUNI!H11)/1000 -> 801.732 | D9: =B9+C9 -> 3447.432 | E9: 6760 | F9: =D9/E9 -> 0.50997515
A10: 9 | B10: =JUNI!I5/1000 -> 2712.37 | C10: =(JUNI!I10+JUNI!I11)/1000 -> 661.799 | D10: =B10+C10 -> 3374.169 | E10: 6760 | F10: =D10/E10 -> 0.49913743
A11: 10 | B11: =JUNI!J5/1000 -> 2999.335 | C11: =(JUNI!J10+JUNI!J11)/1000 -> 771.791 | D11: =B11+C11 -> 3771.126 | E11: 6760 | F11: =D11/E11 -> 0.55785888
A12: 11 | B12: =JUNI!K5/1000 -> 2984.66 | C12: =(JUNI!K10+JUNI!K11)/1000 -> 692.15 | D12: =B12+C12 -> 3676.81 | E12: 6760 | F12: =D12/E12 -> 0.5439068
A13: 12 | B13: =JUNI!L5/1000 -> 2900.05 | C13: =(JUNI!L10+JUNI!L11)/1000 -> 620.278 | D13: =B13+C13 -> 3520.328 | E13: 6760 | F13: =D13/E13 -> 0.52075858
A14: 13 | B14: =JUNI!M5/1000 -> 3294.92 | C14: =(JUNI!M10+JUNI!M11)/1000 -> 468.505 | D14: =B14+C14 -> 3763.425 | E14: 6760 | F14: =D14/E14 -> 0.55671967
A15: 15 | B15: =JUNI!N5/1000 -> 5338.82 | C15: =(JUNI!N10+JUNI!N11)/1000 -> 469.692 | D15: =B15+C15 -> 5808.512 | E15: 6760 | F15: =D15/E15 -> 0.85924734
A16: 17 | B16: =JUNI!O5/1000 -> 6817.505 | C16: =(JUNI!O10+JUNI!O11)/1000 -> 441.21 | D16: =B16+C16 -> 7258.715 | E16: 6760 | F16: =D16/E16 -> 1.0737744
A17: 18 | B17: =JUNI!P5/1000 -> 6986.205 | C17: =(JUNI!P10+JUNI!P11)/1000 -> 642.67 | D17: =B17+C17 -> 7628.875 | E17: 6760 | F17: =D17/E17 -> 1.1285318
A18: 19 | B18: =JUNI!Q5/1000 -> 7137.21 | C18: =(JUNI!Q10+JUNI!Q11)/1000 -> 391.483 | D18: =B18+C18 -> 7528.693 | E18: 6760 | F18: =D18/E18 -> 1.113712
A19: 20 | B19: =JUNI!R5/1000 -> 7232.04 | C19: =(JUNI!R10+JUNI!R11)/1000 -> 553.837 | D19: =B19+C19 -> 7785.877 | E19: 6760 | F19: =D19/E19 -> 1.151757 | H19: PERHITUNGAN KAPASITAS : RATA-RATA BERAT PER COIL 20 TON
A20: 22 | B20: =JUNI!S5/1000 -> 7480.815 | C20: =(JUNI!S10+JUNI!S11)/1000 -> 585.03 | D20: =B20+C20 -> 8065.845 | E20: 6760 | F20: =D20/E20 -> 1.1931723 | H20: Kapasitas | J20: 6760 | K20: Ton
A21: 23 | B21: =JUNI!T5/1000 -> 7697.025 | C21: =(JUNI!T10+JUNI!T11)/1000 -> 641.36 | D21: =B21+C21 -> 8338.385 | E21: 6760 | F21: =D21/E21 -> 1.2334889 | H21: Posisi Stock 30 JUN 26 | J21: 7464 | K21: Ton
A22: 24 | B22: =JUNI!U5/1000 -> 8093.425 | C22: =(JUNI!U10+JUNI!U11)/1000 -> 676.43 | D22: =B22+C22 -> 8769.855 | E22: 6760 | F22: =D22/E22 -> 1.2973158 | H22: Kapasitas (%) | J22: =J21/J20 -> 1.104142 | K22: Ton
A23: 25 | B23: =JUNI!V5/1000 -> 7542.365 | C23: =(JUNI!V10+JUNI!V11)/1000 -> 594.533 | D23: =B23+C23 -> 8136.898 | E23: 6760 | F23: =D23/E23 -> 1.2036831 | H23: Kapasitas tersisa | J23: =100%-J22 -> -0.10414201 | K23: Ton
A24: 26 | B24: =JUNI!W5/1000 -> 7559.875 | C24: =(JUNI!W10+JUNI!W11)/1000 -> 641.837 | D24: =B24+C24 -> 8201.712 | E24: 6760 | F24: =D24/E24 -> 1.213271
A25: 27 | B25: =JUNI!X5/1000 -> 7688.095 | C25: =(JUNI!X10+JUNI!X11)/1000 -> 784.637 | D25: =B25+C25 -> 8472.732 | E25: 6760 | F25: =D25/E25 -> 1.2533627
A26: 29 | B26: =JUNI!Y5/1000 -> 7229.399 | C26: =(JUNI!Y10+JUNI!Y11)/1000 -> 730.192 | D26: =B26+C26 -> 7959.591 | E26: 6760 | F26: =D26/E26 -> 1.1774543
A27: 30 | B27: =JUNI!Z5/1000 -> 6732.031 | C27: =(JUNI!Z10+JUNI!Z11)/1000 -> 731.66 | D27: =B27+C27 -> 7463.691 | E27: 6760 | F27: =D27/E27 -> 1.1040963
A28: AVERAGE | B28: =AVERAGE(B4:B27) -> 5261.4977 | C28: =AVERAGE(C4:C27) -> 628.24896 | D28: =AVERAGE(D4:D27) -> 5889.7467 | E28: =AVERAGE(E4:E27) -> 6760 | F28: =AVERAGE(F4:F27) -> 0.8712643
A29: Stock tertinggi | B29: =MAX(B4:B26) -> 8093.425 | C29: =MAX(C4:C26) -> 801.732 | D29: =MAX(D4:D26) -> 8769.855 | E29: 6760 | F29: =D29/E29 -> 1.2973158
A32: BARANG JADI JUNI 2026
A33: TGL | B33: STOCK | D33: TOTAL STOCK | E33: KAP | F33: TREND
B34: WH | C34: PRD & QA
A35: 2 | B35: =(JUNI!C12+JUNI!C13+JUNI!C14+JUNI!C15+JUNI!C16+JUNI!C17+JUNI!C18+JUNI!C19+JUNI!C20+JUNI!C23)/1000 -> 9912.83 | C35: =(JUNI!C21+JUNI!C22)/1000 -> 1475.508 | D35: =B35+C35 -> 11388.338 | E35: 12000 | F35: =D35/E35 -> 0.94902817
A36: 3 | B36: =(JUNI!D12+JUNI!D13+JUNI!D14+JUNI!D15+JUNI!D16+JUNI!D17+JUNI!D18+JUNI!D19+JUNI!D20+JUNI!D23)/1000 -> 9757.323 | C36: =(JUNI!D21+JUNI!D22)/1000 -> 1406.65 | D36: =B36+C36 -> 11163.973 | E36: 12000 | F36: =D36/E36 -> 0.93033108
A37: 4 | B37: =(JUNI!E12+JUNI!E13+JUNI!E14+JUNI!E15+JUNI!E16+JUNI!E17+JUNI!E18+JUNI!E19+JUNI!E20+JUNI!E23)/1000 -> 12619.595 | C37: =(JUNI!E21+JUNI!E22)/1000 -> 1283.457 | D37: =B37+C37 -> 13903.052 | E37: 12000 | F37: =D37/E37 -> 1.1585877
A38: 5 | B38: =(JUNI!F12+JUNI!F13+JUNI!F14+JUNI!F15+JUNI!F16+JUNI!F17+JUNI!F18+JUNI!F19+JUNI!F20+JUNI!F23)/1000 -> 12828.517 | C38: =(JUNI!F21+JUNI!F22)/1000 -> 1006.635 | D38: =B38+C38 -> 13835.152 | E38: 12000 | F38: =D38/E38 -> 1.1529293
A39: 6 | B39: =(JUNI!G12+JUNI!G13+JUNI!G14+JUNI!G15+JUNI!G16+JUNI!G17+JUNI!G18+JUNI!G19+JUNI!G20+JUNI!G23)/1000 -> 13013.504 | C39: =(JUNI!G21+JUNI!G22)/1000 -> 951.607 | D39: =B39+C39 -> 13965.111 | E39: 12000 | F39: =D39/E39 -> 1.1637593
A40: 8 | B40: =(JUNI!H12+JUNI!H13+JUNI!H14+JUNI!H15+JUNI!H16+JUNI!H17+JUNI!H18+JUNI!H19+JUNI!H20+JUNI!H23)/1000 -> 14297.642 | C40: =(JUNI!H21+JUNI!H22)/1000 -> 1132.03 | D40: =B40+C40 -> 15429.672 | E40: 12000 | F40: =D40/E40 -> 1.285806
A41: 9 | B41: =(JUNI!I12+JUNI!I13+JUNI!I14+JUNI!I15+JUNI!I16+JUNI!I17+JUNI!I18+JUNI!I19+JUNI!I20+JUNI!I23)/1000 -> 14665.764 | C41: =(JUNI!I21+JUNI!I22)/1000 -> 908.894 | D41: =B41+C41 -> 15574.658 | E41: 12000 | F41: =D41/E41 -> 1.2978882
A42: 10 | B42: =(JUNI!J12+JUNI!J13+JUNI!J14+JUNI!J15+JUNI!J16+JUNI!J17+JUNI!J18+JUNI!J19+JUNI!J20+JUNI!J23)/1000 -> 14103.614 | C42: =(JUNI!J21+JUNI!J22)/1000 -> 868.744 | D42: =B42+C42 -> 14972.358 | E42: 12000 | F42: =D42/E42 -> 1.2476965
A43: 11 | B43: =(JUNI!K12+JUNI!K13+JUNI!K14+JUNI!K15+JUNI!K16+JUNI!K17+JUNI!K18+JUNI!K19+JUNI!K20+JUNI!K23)/1000 -> 13819.33 | C43: =(JUNI!K21+JUNI!K22)/1000 -> 665.078 | D43: =B43+C43 -> 14484.408 | E43: 12000 | F43: =D43/E43 -> 1.207034
A44: 12 | B44: =(JUNI!L12+JUNI!L13+JUNI!L14+JUNI!L15+JUNI!L16+JUNI!L17+JUNI!L18+JUNI!L19+JUNI!L20+JUNI!L23)/1000 -> 14214.848 | C44: =(JUNI!L21+JUNI!L22)/1000 -> 800.479 | D44: =B44+C44 -> 15015.327 | E44: 12000 | F44: =D44/E44 -> 1.2512773
A45: 13 | B45: =(JUNI!M12+JUNI!M13+JUNI!M14+JUNI!M15+JUNI!M16+JUNI!M17+JUNI!M18+JUNI!M19+JUNI!M20+JUNI!M23)/1000 -> 14559.202 | C45: =(JUNI!M21+JUNI!M22)/1000 -> 716.646 | D45: =B45+C45 -> 15275.848 | E45: 12000 | F45: =D45/E45 -> 1.2729873
A46: 15 | B46: =(JUNI!N12+JUNI!N13+JUNI!N14+JUNI!N15+JUNI!N16+JUNI!N17+JUNI!N18+JUNI!N19+JUNI!N20+JUNI!N23)/1000 -> 14337.541 | C46: =(JUNI!N21+JUNI!N22)/1000 -> 539.782 | D46: =B46+C46 -> 14877.323 | E46: 12000 | F46: =D46/E46 -> 1.2397769
A47: 17 | B47: =(JUNI!O12+JUNI!O13+JUNI!O14+JUNI!O15+JUNI!O16+JUNI!O17+JUNI!O18+JUNI!O19+JUNI!O20+JUNI!O23)/1000 -> 13822.014 | C47: =(JUNI!O21+JUNI!O22)/1000 -> 506.292 | D47: =B47+C47 -> 14328.306 | E47: 12000 | F47: =D47/E47 -> 1.1940255
A48: 18 | B48: =(JUNI!P12+JUNI!P13+JUNI!P14+JUNI!P15+JUNI!P16+JUNI!P17+JUNI!P18+JUNI!P19+JUNI!P20+JUNI!P23)/1000 -> 12839.169 | C48: =(JUNI!P21+JUNI!P22)/1000 -> 538.486 | D48: =B48+C48 -> 13377.655 | E48: 12000 | F48: =D48/E48 -> 1.1148046
A49: 19 | B49: =(JUNI!Q12+JUNI!Q13+JUNI!Q14+JUNI!Q15+JUNI!Q16+JUNI!Q17+JUNI!Q18+JUNI!Q19+JUNI!Q20+JUNI!Q23)/1000 -> 12659.919 | C49: =(JUNI!Q21+JUNI!Q22)/1000 -> 508.06 | D49: =B49+C49 -> 13167.979 | E49: 12000 | F49: =D49/E49 -> 1.0973316
A50: 20 | B50: =(JUNI!R12+JUNI!R13+JUNI!R14+JUNI!R15+JUNI!R16+JUNI!R17+JUNI!R18+JUNI!R19+JUNI!R20+JUNI!R23)/1000 -> 11821.453 | C50: =(JUNI!R21+JUNI!R22)/1000 -> 481.705 | D50: =B50+C50 -> 12303.158 | E50: 12000 | F50: =D50/E50 -> 1.0252632 | H50: PERHITUNGAN KAPASITAS : RATA-RATA BERAT PER COIL 5 TON
A51: 22 | B51: =(JUNI!S12+JUNI!S13+JUNI!S14+JUNI!S15+JUNI!S16+JUNI!S17+JUNI!S18+JUNI!S19+JUNI!S20+JUNI!S23)/1000 -> 11571.902 | C51: =(JUNI!S21+JUNI!S22)/1000 -> 478.585 | D51: =B51+C51 -> 12050.487 | E51: 12000 | F51: =D51/E51 -> 1.0042072 | H51: COIL PRIME, MEDIUM , SECOND
A52: 23 | B52: =(JUNI!T12+JUNI!T13+JUNI!T14+JUNI!T15+JUNI!T16+JUNI!T17+JUNI!T18+JUNI!T19+JUNI!T20+JUNI!T23)/1000 -> 11086.188 | C52: =(JUNI!T21+JUNI!T22)/1000 -> 493.555 | D52: =B52+C52 -> 11579.743 | E52: 12000 | F52: =D52/E52 -> 0.96497858 | H52: Kapasitas | J52: 12000 | K52: Ton
A53: 24 | B53: =(JUNI!U12+JUNI!U13+JUNI!U14+JUNI!U15+JUNI!U16+JUNI!U17+JUNI!U18+JUNI!U19+JUNI!U20+JUNI!U23)/1000 -> 10613.734 | C53: =(JUNI!U21+JUNI!U22)/1000 -> 495.365 | D53: =B53+C53 -> 11109.099 | E53: 12000 | F53: =D53/E53 -> 0.92575825 | H53: Posisi Stock 30 JUN 26 | J53: 10857 | K53: Ton
A54: 25 | B54: =(JUNI!V12+JUNI!V13+JUNI!V14+JUNI!V15+JUNI!V16+JUNI!V17+JUNI!V18+JUNI!V19+JUNI!V20+JUNI!V23)/1000 -> 10392.223 | C54: =(JUNI!V21+JUNI!V22)/1000 -> 712.423 | D54: =B54+C54 -> 11104.646 | E54: 12000 | F54: =D54/E54 -> 0.92538717 | H54: Kapasitas (%) | J54: =J53/J52 -> 0.90475 | K54: Ton
A55: 26 | B55: =(JUNI!W12+JUNI!W13+JUNI!W14+JUNI!W15+JUNI!W16+JUNI!W17+JUNI!W18+JUNI!W19+JUNI!W20+JUNI!W23)/1000 -> 10414.991 | C55: =(JUNI!W21+JUNI!W22)/1000 -> 652.214 | D55: =B55+C55 -> 11067.205 | E55: 12000 | F55: =D55/E55 -> 0.92226708 | H55: Kapasitas tersisa | J55: =100%-J54 -> 0.09525 | K55: Ton
A56: 27 | B56: =(JUNI!X12+JUNI!X13+JUNI!X14+JUNI!X15+JUNI!X16+JUNI!X17+JUNI!X18+JUNI!X19+JUNI!X20+JUNI!X23)/1000 -> 10515.991 | C56: =(JUNI!X21+JUNI!X22)/1000 -> 385.491 | D56: =B56+C56 -> 10901.482 | E56: 12000 | F56: =D56/E56 -> 0.90845683
A57: 29 | B57: =(JUNI!Y12+JUNI!Y13+JUNI!Y14+JUNI!Y15+JUNI!Y16+JUNI!Y17+JUNI!Y18+JUNI!Y19+JUNI!Y20+JUNI!Y23)/1000 -> 10588.974 | C57: =(JUNI!Y21+JUNI!Y22)/1000 -> 518.953 | D57: =B57+C57 -> 11107.927 | E57: 12000 | F57: =D57/E57 -> 0.92566058
A58: 30 | B58: =(JUNI!Z12+JUNI!Z13+JUNI!Z14+JUNI!Z15+JUNI!Z16+JUNI!Z17+JUNI!Z18+JUNI!Z19+JUNI!Z20+JUNI!Z23)/1000 -> 9907.738 | C58: =(JUNI!Z21+JUNI!Z22)/1000 -> 949.044 | D58: =B58+C58 -> 10856.782 | E58: 12000 | F58: =D58/E58 -> 0.90473183
B59: =AVERAGE(B35:B58) -> 12265.167 | C59: =AVERAGE(C35:C58) -> 769.82013 | D59: =AVERAGE(D35:D58) -> 13034.987 | E59: =AVERAGE(E35:E58) -> 12000 | F59: =AVERAGE(F35:F58) -> 1.0862489
A60: Stock tertinggi | B60: =MAX(B35:B57) -> 14665.764 | C60: =MAX(C35:C57) -> 1475.508 | D60: =MAX(D35:D57) -> 15574.658 | E60: 12000 | F60: =D60/E60 -> 1.2978882

Sheet JULI
A1: POSISI STOCK TML JULI 2026 ( KG )
A3: STOCK | C3: 1 | D3: 2 | E3: 3 | F3: 4 | G3: 6 | H3: 7 | I3: 8 | J3: 9 | K3: 10 | L3: 11 | M3: 13 | N3: 14 | O3: 15 | P3: 16 | Q3: 17 | R3: 18 | S3: 20 | T3: 21 | U3: 22 | V3: 23 | W3: 24 | X3: 25 | Y3: 27 | Z3: 28 | AA3: 29 | AB3: 30 | AC3: 31 | AD3: AVERAGE
A5: BAHAN BAKU | B5: CRC | C5: 5804550 | D5: 5818220 | E5: 6038085 | F5: 5834315 | G5: 5979930 | H5: 6001928 | I5: 6105693 | J5: 6472933 | K5: 8077194 | L5: 7884564 | M5: 7449524 | N5: 8212060 | O5: 8377395 | P5: 8297160 | Q5: 7904260 | R5: 8197460 | S5: 8162960 | T5: 7751895 | U5: 7586990 | AD5: =AVERAGE(C5:AC5) -> 7155637.7
B6: ALLUMUNIUM | C6: 459478 | D6: 455278 | E6: 455278 | F6: 445507 | G6: 417588 | H6: 412004 | I6: 402222 | J6: 396642 | K6: 391042 | L6: 391042 | M6: 357626 | N6: 357626 | O6: 347842 | P6: 332368 | Q6: 321138 | R6: 307076 | S6: 428844 | T6: 565962 | U6: 554758 | AD6: =AVERAGE(C6:AC6) -> 410490.58
B7: ZINC | C7: 552485 | D7: 550276 | E7: 550276 | F7: 544768 | G7: 526079 | H7: 521664 | I7: 513926 | J7: 509513 | K7: 507304 | L7: 507304 | M7: 485249 | N7: 631250 | O7: 631250 | P7: 622435 | Q7: 609209 | R7: 602599 | S7: 587135 | T7: 582716 | U7: 574965 | AD7: =AVERAGE(C7:AC7) -> 558442.26
B8: ALKALI | C8: 6000 | D8: 6000 | E8: 6000 | F8: 6000 | G8: 6000 | H8: 6000 | I8: 6000 | J8: 1200 | K8: 4800 | L8: 4800 | M8: 4800 | N8: 2400 | O8: 2400 | P8: 2400 | Q8: 2400 | R8: 6000 | S8: 6000 | T8: 6000 | U8: 6000 | AD8: =AVERAGE(C8:AC8) -> 4800
B9: RESIN | C9: 18800 | D9: 18800 | E9: 18800 | F9: 23800 | G9: 21800 | H9: 22100 | I9: 22100 | J9: 21100 | K9: 20100 | L9: 20100 | M9: 17100 | N9: 17300 | O9: 17300 | P9: 14300 | Q9: 14540 | R9: 16540 | S9: 15540 | T9: 15540 | U9: 12340 | AD9: =AVERAGE(C9:AC9) -> 18315.789
B10: PRD | C10: 325649 | D10: 310507 | E10: 104415 | F10: 293443 | G10: 253356 | H10: 285768 | I10: 328368 | J10: 149798 | K10: 222228 | L10: 277388 | M10: 488078 | N10: 332303 | O10: 594356 | P10: 242708 | Q10: 206758 | R10: 255108 | S10: 189253 | T10: 234388 | U10: 335601 | AD10: =AVERAGE(C10:AC10) -> 285761.74
B11: QA | C11: 404095 | D11: 442240 | E11: 466770 | F11: 466770 | G11: 470665 | H11: 470665 | I11: 470665 | J11: 559570 | K11: 559570 | L11: 559570 | M11: 559570 | N11: 559570 | O11: 559570 | P11: 559570 | Q11: 559570 | R11: 559570 | S11: 559570 | T11: 559570 | U11: 559570 | AD11: =AVERAGE(C11:AC11) -> 521405.79
A12: BARANG JADI | B12: NEXALUME PRIME | C12: 1445931 | D12: 1612141 | E12: 1609315 | F12: 1436572 | G12: 1436572 | H12: 2079122 | I12: 2327037 | J12: 2430986 | K12: 2574704 | L12: 2835872 | M12: 3460122 | N12: 3191672 | O12: 2434348 | P12: 2568092 | Q12: 3320867 | R12: 2866453 | S12: 2904062 | T12: 2871676 | U12: 2936126 | AD12: =AVERAGE(C12:AC12) -> 2439035.3
B13: TATALUME PRIME | C13: 414393 | D13: 424969 | E13: 379978 | F13: 399757 | G13: 962541 | H13: 901451 | I13: 916703 | J13: 869507 | K13: 865381 | L13: 808101 | M13: 864144 | N13: 763529 | O13: 815416 | P13: 815470 | Q13: 815995 | R13: 834147 | S13: 834147 | T13: 895363 | U13: 895363 | AD13: =AVERAGE(C13:AC13) -> 761913.42
B14: NEXCOLOR PRIME | C14: 44007 | D14: 44007 | E14: 44007 | F14: 62741 | G14: 62741 | H14: 62741 | I14: 62741 | J14: 62741 | K14: 62741 | L14: 62741 | M14: 62741 | N14: 62741 | O14: 62741 | P14: 62741 | Q14: 62741 | R14: 68993 | S14: 68993 | T14: 68993 | U14: 68993 | AD14: =AVERAGE(C14:AC14) -> 61099.211
B15: NEXIUM PRIME | C15: 879280 | D15: 879280 | E15: 860099 | F15: 860099 | G15: 837390 | H15: 859962 | I15: 859962 | J15: 817418 | K15: 830006 | L15: 857775 | M15: 857775 | N15: 833742 | O15: 734696 | P15: 829720 | Q15: 794648 | R15: 800358 | S15: 800358 | T15: 732780 | U15: 732780 | AD15: =AVERAGE(C15:AC15) -> 824112
B16: COIL TATA SENTOSA | C16: 1373223 | D16: 1373223 | E16: 1258244 | F16: 1303841 | G16: 1303841 | H16: 1172979 | I16: 1172979 | J16: 1227184 | K16: 1227184 | L16: 1265131 | M16: 1641178 | N16: 1641178 | O16: 1641178 | P16: 1641216 | Q16: 1641216 | R16: 1641216 | S16: 2031262 | T16: 2031262 | U16: 2031262 | AD16: =AVERAGE(C16:AC16) -> 1506252.5
B17: COIL TATALOGAM | C17: 4475445 | D17: 3866239 | E17: 3609931 | F17: 3609931 | G17: 2726716 | H17: 2599185 | I17: 2599185 | J17: 2599185 | K17: 1302337 | L17: 1302337 | M17: 1240602 | N17: 1177672 | O17: 1177672 | P17: 975505 | Q17: 975505 | R17: 1641216 | S17: 848724 | T17: 760501 | U17: 760501 | AD17: =AVERAGE(C17:AC17) -> 2013073.1
B18: NEXALUME MEDIUM | C18: 619286 | D18: 598347 | E18: 598347 | F18: 598347 | G18: 598347 | H18: 588424 | I18: 588424 | J18: 588424 | K18: 588424 | L18: 588424 | M18: 582779 | N18: 582779 | O18: 582779 | P18: 590711 | Q18: 590711 | R18: 590711 | S18: 590711 | T18: 590711 | U18: 590711 | AD18: =AVERAGE(C18:AC18) -> 591968.26
B19: NEXALUME SECOND | C19: 77065 | D19: 73849 | E19: 73849 | F19: 73849 | G19: 73849 | H19: 77215 | I19: 77215 | J19: 77215 | K19: 77215 | L19: 77215 | M19: 72529 | N19: 72529 | O19: 72529 | P19: 85328 | Q19: 85328 | R19: 85328 | S19: 85328 | T19: 85328 | U19: 85328 | AD19: =AVERAGE(C19:AC19) -> 78320.579
B20: COIL SLITTING | C20: 1513141 | D20: 1574185 | E20: 1722801 | F20: 1745812 | G20: 1608974 | H20: 1528933 | I20: 1280516 | J20: 954020 | K20: 748028 | L20: 754004 | M20: 577017 | N20: 543168 | O20: 465221 | P20: 481890 | Q20: 765982 | R20: 955917 | S20: 781846 | T20: 842969 | U20: 682359 | AD20: =AVERAGE(C20:AC20) -> 1027725.4
B21: PRD | C21: 417777 | D21: 192055 | E21: 161901 | F21: 243990 | G21: 274711 | H21: 71721 | I21: 49686 | J21: 69441 | K21: 66942 | L21: 137860 | M21: 161686 | N21: 216453 | O21: 222842 | P21: 531522 | Q21: 312151 | R21: 189835 | S21: 291853 | T21: 156518 | U21: 112838 | AD21: =AVERAGE(C21:AC21) -> 204304.32
B22: QA | C22: 308698 | D22: 308698 | E22: 308698 | F22: 366178 | G22: 314667 | H22: 318663 | I22: 312254 | J22: 304823 | K22: 320809 | L22: 324384 | M22: 305442 | N22: 212554 | O22: 85061 | P22: 139455 | Q22: 147004 | R22: 98905 | S22: 130982 | T22: 132728 | U22: 130982 | AD22: =AVERAGE(C22:AC22) -> 240578.16
B23: DOWNGRADE | C23: 46328 | D23: 46328 | E23: 49275 | F23: 51272 | G23: 51272 | H23: 52433 | I23: 52433 | J23: 55691 | K23: 55691 | L23: 56068 | M23: 56068 | N23: 58392 | O23: 58392 | P23: 62941 | Q23: 62941 | R23: 62941 | S23: 65702 | T23: 65702 | U23: 65702 | AD23: =AVERAGE(C23:AC23) -> 56609.053
A24: LIMBAH | B24: DROSS | C24: 1197 | D24: 1816 | E24: 1816 | F24: 2508.5 | G24: 2508.5 | H24: 3096.5 | I24: 3096.5 | J24: 3096.5 | K24: 3096.5 | L24: 4686 | M24: 4686 | N24: 4686 | O24: 4686 | P24: 1373 | Q24: 1373 | R24: 1373 | S24: 1973.5 | T24: 1973.5 | U24: 2571 | AD24: =AVERAGE(C24:AC24) -> 2716.4737
B25: PUP COIL | C25: 21781 | D25: 21781 | E25: 21781 | F25: 21781 | G25: 21781 | H25: 21857 | I25: 21857 | J25: 21857 | K25: 21857 | L25: 21857 | M25: 21857 | N25: 21857 | O25: 21857 | P25: 21857 | Q25: 21857 | R25: 21857 | S25: 21857 | T25: 21857 | U25: 21857 | AD25: =AVERAGE(C25:AC25) -> 21837

Sheet KAPASITAS JULI
A1: CRC - JULI 2026
A2: TGL | B2: STOCK | D2: TOTAL STOCK | E2: KAP | F2: TREND
B3: WH | C3: PRD & QA
A4: 1 | B4: =JULI!C5/1000 -> 5804.55 | C4: =(JULI!C10+JULI!C11)/1000 -> 729.744 | D4: =B4+C4 -> 6534.294 | E4: 6760 | F4: =D4/E4 -> 0.96661154
A5: 2 | B5: =JULI!D5/1000 -> 5818.22 | C5: =(JULI!D10+JULI!D11)/1000 -> 752.747 | D5: =B5+C5 -> 6570.967 | E5: 6760 | F5: =D5/E5 -> 0.97203654
A6: 3 | B6: =JULI!E5/1000 -> 6038.085 | C6: =(JULI!E10+JULI!E11)/1000 -> 571.185 | D6: =B6+C6 -> 6609.27 | E6: 6760 | F6: =D6/E6 -> 0.97770266
A7: 4 | B7: =JULI!F5/1000 -> 5834.315 | C7: =(JULI!F10+JULI!F11)/1000 -> 760.213 | D7: =B7+C7 -> 6594.528 | E7: 6760 | F7: =D7/E7 -> 0.97552189
A8: 6 | B8: =JULI!G5/1000 -> 5979.93 | C8: =(JULI!G10+JULI!G11)/1000 -> 724.021 | D8: =B8+C8 -> 6703.951 | E8: 6760 | F8: =D8/E8 -> 0.99170873
A9: 7 | B9: =JULI!H5/1000 -> 6001.928 | C9: =(JULI!H10+JULI!H11)/1000 -> 756.433 | D9: =B9+C9 -> 6758.361 | E9: 6760 | F9: =D9/E9 -> 0.99975754
A10: 8 | B10: =JULI!I5/1000 -> 6105.693 | C10: =(JULI!I10+JULI!I11)/1000 -> 799.033 | D10: =B10+C10 -> 6904.726 | E10: 6760 | F10: =D10/E10 -> 1.0214092
A11: 9 | B11: =JULI!J5/1000 -> 6472.933 | C11: =(JULI!J10+JULI!J11)/1000 -> 709.368 | D11: =B11+C11 -> 7182.301 | E11: 6760 | F11: =D11/E11 -> 1.0624706
A12: 10 | B12: =JULI!K5/1000 -> 8077.194 | C12: =(JULI!K10+JULI!K11)/1000 -> 781.798 | D12: =B12+C12 -> 8858.992 | E12: 6760 | F12: =D12/E12 -> 1.3105018
A13: 11 | B13: =JULI!L5/1000 -> 7884.564 | C13: =(JULI!L10+JULI!L11)/1000 -> 836.958 | D13: =B13+C13 -> 8721.522 | E13: 6760 | F13: =D13/E13 -> 1.290166
A14: 13 | B14: =JULI!M5/1000 -> 7449.524 | C14: =(JULI!M10+JULI!M11)/1000 -> 1047.648 | D14: =B14+C14 -> 8497.172 | E14: 6760 | F14: =D14/E14 -> 1.2569781
A15: 14 | B15: =JULI!N5/1000 -> 8212.06 | C15: =(JULI!N10+JULI!N11)/1000 -> 891.873 | D15: =B15+C15 -> 9103.933 | E15: 6760 | F15: =D15/E15 -> 1.3467357
A16: 15 | B16: =JULI!O5/1000 -> 8377.395 | C16: =(JULI!O10+JULI!O11)/1000 -> 1153.926 | D16: =B16+C16 -> 9531.321 | E16: 6760 | F16: =D16/E16 -> 1.4099587
A17: 16 | B17: =JULI!P5/1000 -> 8297.16 | C17: =(JULI!P10+JULI!P11)/1000 -> 802.278 | D17: =B17+C17 -> 9099.438 | E17: 6760 | F17: =D17/E17 -> 1.3460707
A18: 17 | B18: =JULI!Q5/1000 -> 7904.26 | C18: =(JULI!Q10+JULI!Q11)/1000 -> 766.328 | D18: =B18+C18 -> 8670.588 | E18: 6760 | F18: =D18/E18 -> 1.2826314
A19: 18 | B19: =JULI!R5/1000 -> 8197.46 | C19: =(JULI!R10+JULI!R11)/1000 -> 814.678 | D19: =B19+C19 -> 9012.138 | E19: 6760 | F19: =D19/E19 -> 1.3331565 | H19: PERHITUNGAN KAPASITAS : RATA-RATA BERAT PER COIL 20 TON
A20: 20 | B20: =JULI!S5/1000 -> 8162.96 | C20: =(JULI!S10+JULI!S11)/1000 -> 748.823 | D20: =B20+C20 -> 8911.783 | E20: 6760 | F20: =D20/E20 -> 1.3183111 | H20: Kapasitas | J20: 6760 | K20: Ton
A21: 21 | B21: =JULI!T5/1000 -> 7751.895 | C21: =(JULI!T10+JULI!T11)/1000 -> 793.958 | D21: =B21+C21 -> 8545.853 | E21: 6760 | F21: =D21/E21 -> 1.2641794 | H21: Posisi Stock 17 JUN 26 | J21: 7259 | K21: Ton
A22: 22 | B22: =JULI!U5/1000 -> 7586.99 | C22: =(JULI!U10+JULI!U11)/1000 -> 895.171 | D22: =B22+C22 -> 8482.161 | E22: 6760 | F22: =D22/E22 -> 1.2547575 | H22: Kapasitas (%) | J22: =J21/J20 -> 1.0738166 | K22: Ton
A23: 23 | D23: =B23+C23 -> 0 | E23: 6760 | F23: =D23/E23 -> 0 | H23: Kapasitas tersisa | J23: =100%-J22 -> -0.073816568 | K23: Ton
A24: 24 | D24: =B24+C24 -> 0 | E24: 6760 | F24: =D24/E24 -> 0
A25: 25 | D25: =B25+C25 -> 0 | E25: 6760 | F25: =D25/E25 -> 0
A26: 27 | D26: =B26+C26 -> 0 | E26: 6760 | F26: =D26/E26 -> 0
A27: 28 | D27: =B27+C27 -> 0 | E27: 6760 | F27: =D27/E27 -> 0
A28: 29 | D28: =B28+C28 -> 0 | E28: 6760 | F28: =D28/E28 -> 0
A29: 30 | D29: =B29+C29 -> 0 | E29: 6760 | F29: =D29/E29 -> 0
A30: 31 | D30: =B30+C30 -> 0 | E30: 6760 | F30: =D30/E30 -> 0
A31: AVERAGE | B31: =AVERAGE(B4:B30) -> 7155.6377 | C31: =AVERAGE(C4:C30) -> 807.16753 | D31: =AVERAGE(D4:D30) -> 5603.4555 | E31: =AVERAGE(E4:E30) -> 6760 | F31: =AVERAGE(F4:F30) -> 0.82891354
A32: Stock tertinggi | B32: =MAX(B4:B26) -> 8377.395 | C32: =MAX(C4:C26) -> 1153.926 | D32: =MAX(D4:D26) -> 9531.321 | E32: 6760 | F32: =D32/E32 -> 1.4099587
A35: BARANG JADI JULI 2026
A36: TGL | B36: STOCK | D36: TOTAL STOCK | E36: KAP | F36: TREND
B37: WH | C37: PRD & QA
A38: 1 | B38: =(JULI!C12+JULI!C13+JULI!C14+JULI!C15+JULI!C16+JULI!C17+JULI!C18+JULI!C19+JULI!C20+JULI!C23)/1000 -> 10888.099 | C38: =(JULI!C21+JULI!C22)/1000 -> 726.475 | D38: =B38+C38 -> 11614.574 | E38: 12000 | F38: =D38/E38 -> 0.96788117
A39: 2 | B39: =(JULI!D12+JULI!D13+JULI!D14+JULI!D15+JULI!D16+JULI!D17+JULI!D18+JULI!D19+JULI!D20+JULI!D23)/1000 -> 10492.568 | C39: =(JULI!D21+JULI!D22)/1000 -> 500.753 | D39: =B39+C39 -> 10993.321 | E39: 12000 | F39: =D39/E39 -> 0.91611008
A40: 3 | B40: =(JULI!E12+JULI!E13+JULI!E14+JULI!E15+JULI!E16+JULI!E17+JULI!E18+JULI!E19+JULI!E20+JULI!E23)/1000 -> 10205.846 | C40: =(JULI!E21+JULI!E22)/1000 -> 470.599 | D40: =B40+C40 -> 10676.445 | E40: 12000 | F40: =D40/E40 -> 0.88970375
A41: 4 | B41: =(JULI!F12+JULI!F13+JULI!F14+JULI!F15+JULI!F16+JULI!F17+JULI!F18+JULI!F19+JULI!F20+JULI!F23)/1000 -> 10142.221 | C41: =(JULI!F21+JULI!F22)/1000 -> 610.168 | D41: =B41+C41 -> 10752.389 | E41: 12000 | F41: =D41/E41 -> 0.89603242
A42: 6 | B42: =(JULI!G12+JULI!G13+JULI!G14+JULI!G15+JULI!G16+JULI!G17+JULI!G18+JULI!G19+JULI!G20+JULI!G23)/1000 -> 9662.243 | C42: =(JULI!G21+JULI!G22)/1000 -> 589.378 | D42: =B42+C42 -> 10251.621 | E42: 12000 | F42: =D42/E42 -> 0.85430175
A43: 7 | B43: =(JULI!H12+JULI!H13+JULI!H14+JULI!H15+JULI!H16+JULI!H17+JULI!H18+JULI!H19+JULI!H20+JULI!H23)/1000 -> 9922.445 | C43: =(JULI!H21+JULI!H22)/1000 -> 390.384 | D43: =B43+C43 -> 10312.829 | E43: 12000 | F43: =D43/E43 -> 0.85940242
A44: 8 | B44: =(JULI!I12+JULI!I13+JULI!I14+JULI!I15+JULI!I16+JULI!I17+JULI!I18+JULI!I19+JULI!I20+JULI!I23)/1000 -> 9937.195 | C44: =(JULI!I21+JULI!I22)/1000 -> 361.94 | D44: =B44+C44 -> 10299.135 | E44: 12000 | F44: =D44/E44 -> 0.85826125
A45: 9 | B45: =(JULI!J12+JULI!J13+JULI!J14+JULI!J15+JULI!J16+JULI!J17+JULI!J18+JULI!J19+JULI!J20+JULI!J23)/1000 -> 9682.371 | C45: =(JULI!J21+JULI!J22)/1000 -> 374.264 | D45: =B45+C45 -> 10056.635 | E45: 12000 | F45: =D45/E45 -> 0.83805292
A46: 10 | B46: =(JULI!K12+JULI!K13+JULI!K14+JULI!K15+JULI!K16+JULI!K17+JULI!K18+JULI!K19+JULI!K20+JULI!K23)/1000 -> 8331.711 | C46: =(JULI!K21+JULI!K22)/1000 -> 387.751 | D46: =B46+C46 -> 8719.462 | E46: 12000 | F46: =D46/E46 -> 0.72662183
A47: 11 | B47: =(JULI!L12+JULI!L13+JULI!L14+JULI!L15+JULI!L16+JULI!L17+JULI!L18+JULI!L19+JULI!L20+JULI!L23)/1000 -> 8607.668 | C47: =(JULI!L21+JULI!L22)/1000 -> 462.244 | D47: =B47+C47 -> 9069.912 | E47: 12000 | F47: =D47/E47 -> 0.755826
A48: 13 | B48: =(JULI!M12+JULI!M13+JULI!M14+JULI!M15+JULI!M16+JULI!M17+JULI!M18+JULI!M19+JULI!M20+JULI!M23)/1000 -> 9414.955 | C48: =(JULI!M21+JULI!M22)/1000 -> 467.128 | D48: =B48+C48 -> 9882.083 | E48: 12000 | F48: =D48/E48 -> 0.82350692
A49: 14 | B49: =(JULI!N12+JULI!N13+JULI!N14+JULI!N15+JULI!N16+JULI!N17+JULI!N18+JULI!N19+JULI!N20+JULI!N23)/1000 -> 8927.402 | C49: =(JULI!N21+JULI!N22)/1000 -> 429.007 | D49: =B49+C49 -> 9356.409 | E49: 12000 | F49: =D49/E49 -> 0.77970075
A50: 15 | B50: =(JULI!O12+JULI!O13+JULI!O14+JULI!O15+JULI!O16+JULI!O17+JULI!O18+JULI!O19+JULI!O20+JULI!O23)/1000 -> 8044.972 | C50: =(JULI!O21+JULI!O22)/1000 -> 307.903 | D50: =B50+C50 -> 8352.875 | E50: 12000 | F50: =D50/E50 -> 0.69607292
A51: 16 | B51: =(JULI!P12+JULI!P13+JULI!P14+JULI!P15+JULI!P16+JULI!P17+JULI!P18+JULI!P19+JULI!P20+JULI!P23)/1000 -> 8113.614 | C51: =(JULI!P21+JULI!P22)/1000 -> 670.977 | D51: =B51+C51 -> 8784.591 | E51: 12000 | F51: =D51/E51 -> 0.73204925
A52: 17 | B52: =(JULI!Q12+JULI!Q13+JULI!Q14+JULI!Q15+JULI!Q16+JULI!Q17+JULI!Q18+JULI!Q19+JULI!Q20+JULI!Q23)/1000 -> 9115.934 | C52: =(JULI!Q21+JULI!Q22)/1000 -> 459.155 | D52: =B52+C52 -> 9575.089 | E52: 12000 | F52: =D52/E52 -> 0.79792408
A53: 18 | B53: =(JULI!R12+JULI!R13+JULI!R14+JULI!R15+JULI!R16+JULI!R17+JULI!R18+JULI!R19+JULI!R20+JULI!R23)/1000 -> 9547.28 | C53: =(JULI!R21+JULI!R22)/1000 -> 288.74 | D53: =B53+C53 -> 9836.02 | E53: 12000 | F53: =D53/E53 -> 0.81966833 | H53: PERHITUNGAN KAPASITAS : RATA-RATA BERAT PER COIL 5 TON
A54: 20 | B54: =(JULI!S12+JULI!S13+JULI!S14+JULI!S15+JULI!S16+JULI!S17+JULI!S18+JULI!S19+JULI!S20+JULI!S23)/1000 -> 9011.133 | C54: =(JULI!S21+JULI!S22)/1000 -> 422.835 | D54: =B54+C54 -> 9433.968 | E54: 12000 | F54: =D54/E54 -> 0.786164 | H54: COIL PRIME, MEDIUM , SECOND
A55: 21 | B55: =(JULI!T12+JULI!T13+JULI!T14+JULI!T15+JULI!T16+JULI!T17+JULI!T18+JULI!T19+JULI!T20+JULI!T23)/1000 -> 8945.285 | C55: =(JULI!T21+JULI!T22)/1000 -> 289.246 | D55: =B55+C55 -> 9234.531 | E55: 12000 | F55: =D55/E55 -> 0.76954425 | H55: Kapasitas | J55: 12000 | K55: Ton
A56: 22 | B56: =(JULI!U12+JULI!U13+JULI!U14+JULI!U15+JULI!U16+JULI!U17+JULI!U18+JULI!U19+JULI!U20+JULI!U23)/1000 -> 8849.125 | C56: =(JULI!U21+JULI!U22)/1000 -> 243.82 | D56: =B56+C56 -> 9092.945 | E56: 12000 | F56: =D56/E56 -> 0.75774542 | H56: Posisi Stock 17 JUN 26 | J56: 14328 | K56: Ton
A57: 23 | D57: =B57+C57 -> 0 | E57: 12000 | F57: =D57/E57 -> 0 | H57: Kapasitas (%) | J57: =J56/J55 -> 1.194 | K57: Ton
A58: 24 | D58: =B58+C58 -> 0 | E58: 12000 | F58: =D58/E58 -> 0 | H58: Kapasitas tersisa | J58: =100%-J57 -> -0.194 | K58: Ton
A59: 25 | D59: =B59+C59 -> 0 | E59: 12000 | F59: =D59/E59 -> 0
A60: 27 | D60: =B60+C60 -> 0 | E60: 12000 | F60: =D60/E60 -> 0
A61: 28 | D61: =B61+C61 -> 0 | E61: 12000 | F61: =D61/E61 -> 0
A62: 29 | D62: =B62+C62 -> 0 | E62: 12000 | F62: =D62/E62 -> 0
A63: 30 | D63: =B63+C63 -> 0 | E63: 12000 | F63: =D63/E63 -> 0
A64: 31 | D64: =B64+C64 -> 0 | E64: 12000 | F64: =D64/E64 -> 0
B65: =AVERAGE(B38:B64) -> 9360.1088 | C65: =AVERAGE(C38:C64) -> 444.88247 | D65: =AVERAGE(D38:D64) -> 6899.8087 | E65: =AVERAGE(E38:E64) -> 12000 | F65: =AVERAGE(F38:F64) -> 0.57498406
A66: Stock tertinggi | B66: =MAX(B38:B60) -> 10888.099 | C66: =MAX(C38:C60) -> 726.475 | D66: =MAX(D38:D60) -> 11614.574 | E66: 12000 | F66: =D66/E66 -> 0.96788117
